,Температура_dinam_fact,Лимфоциты#_dinam_fact,АСТ_dinam_fact,ЧСС_dinam_fact,ЧДД_dinam_fact,Билирубин общий_dinam_fact,MPV- Средн.объем тромбоцитов_dinam_fact,PCT- Тромбокрит_dinam_fact,Лимфоциты%_dinam_fact,снижение_сознания_dinam_fact,Cтепень тяжести по КТ_dinam_fact,Лактатдегидрогеназа_dinam_fact,PDW- Индекс расп.по объему тр._dinam_fact
MSE,0.002467855578288436,0.00016138507635332644,0.0007872791029512882,0.00880357064306736,0.00020996700914110988,0.0033600630704313517,0.006281252019107342,0.006149885710328817,0.0068719289265573025,0.0002461077237967402,0.06523603945970535,0.002126841340214014,0.004863022360950708
R2,-0.3345059917329154,-1.487260988916776,-0.12023992192061872,-0.015270511481588311,0.1650228780936832,0.09459568054928746,0.5360679608971877,0.34910367380164475,0.5350531683854487,0.9936182410545701,0.0041361426862219774,-0.011637313148446848,0.648668726293607
