,Температура_dinam_fact,Лимфоциты#_dinam_fact,АСТ_dinam_fact,ЧСС_dinam_fact,ЧДД_dinam_fact,Билирубин общий_dinam_fact,MPV- Средн.объем тромбоцитов_dinam_fact,PCT- Тромбокрит_dinam_fact,Лимфоциты%_dinam_fact,снижение_сознания_dinam_fact,Cтепень тяжести по КТ_dinam_fact,Лактатдегидрогеназа_dinam_fact,PDW- Индекс расп.по объему тр._dinam_fact
MSE,0.01846131030063606,0.0004380714687430911,0.002458347986442035,0.006575467056871207,0.001959024469212152,0.0023296825659091954,0.0030610685467667704,0.015438720400982285,0.0061442855092229106,0.007800223903507695,0.05001792660653675,0.00642501023556924,0.0075256281069599204
R2,0.15473444340828868,0.9421352320276303,0.5721675423541482,0.6190923070716965,0.5296971190973074,0.6480102607054177,0.8629273077938622,0.478746771020244,0.7563824794070506,0.8700891101701992,0.1506590668483927,0.5691904489795342,0.8488405119584164
