,Температура_dinam_fact,Лимфоциты#_dinam_fact,АСТ_dinam_fact,ЧСС_dinam_fact,ЧДД_dinam_fact,Билирубин общий_dinam_fact,MPV- Средн.объем тромбоцитов_dinam_fact,PCT- Тромбокрит_dinam_fact,Лимфоциты%_dinam_fact,снижение_сознания_dinam_fact,Cтепень тяжести по КТ_dinam_fact,Лактатдегидрогеназа_dinam_fact,PDW- Индекс расп.по объему тр._dinam_fact
MSE,0.0018038054695352912,4.815709689864889e-05,0.0007624633726663888,0.008560186251997948,0.00019905270892195404,0.0033866004087030888,0.005566589999943972,0.006538148503750563,0.0066111721098423,0.00024149597447831184,0.06461748480796814,0.001958301989361644,0.0041654957458376884
R2,0.02458261700655595,0.257804698415649,-0.08492910056167058,0.012797835577439853,0.2084254974349945,0.08744485406354374,0.5888527990533086,0.30801071934807434,0.5526956452818268,0.9937378280492214,0.013579340093770154,0.06852911377499016,0.69906181091792
