,Температура_dinam_fact,Лимфоциты#_dinam_fact,АСТ_dinam_fact,ЧСС_dinam_fact,ЧДД_dinam_fact,Билирубин общий_dinam_fact,MPV- Средн.объем тромбоцитов_dinam_fact,PCT- Тромбокрит_dinam_fact,Лимфоциты%_dinam_fact,снижение_сознания_dinam_fact,Cтепень тяжести по КТ_dinam_fact,Лактатдегидрогеназа_dinam_fact,PDW- Индекс расп.по объему тр._dinam_fact
MSE,0.0016942674992606044,0.00010489466512808576,0.00024099800793919712,0.010717716999351978,0.0001623949792701751,0.001926836441271007,0.004663217347115278,0.004352703224867582,0.00863093975931406,0.01332133263349533,0.055401839315891266,0.000401391793275252,0.005496490281075239
R2,-0.14315863476043167,0.09316786753345518,0.42825739677076435,-0.0032828033549001656,0.3631809870702014,-0.2169592475550408,0.6416362702258487,0.41663098141376353,0.4303380442469008,0.7563210634054004,-0.008768223465672964,0.36721107848892254,0.5749220243638313
