,Температура_dinam_fact,Лимфоциты#_dinam_fact,АСТ_dinam_fact,ЧСС_dinam_fact,ЧДД_dinam_fact,Билирубин общий_dinam_fact,MPV- Средн.объем тромбоцитов_dinam_fact,PCT- Тромбокрит_dinam_fact,Лимфоциты%_dinam_fact,снижение_сознания_dinam_fact,Cтепень тяжести по КТ_dinam_fact,Лактатдегидрогеназа_dinam_fact,PDW- Индекс расп.по объему тр._dinam_fact
MSE,0.001649757963605225,9.323400445282459e-05,0.0010315690888091922,0.010884677991271019,0.00033359654480591416,0.0019498858600854874,0.00468546524643898,0.004563841037452221,0.00847032479941845,0.01329960860311985,0.0555155947804451,0.0015276243211701512,0.0050884452648460865
R2,-0.11312681045673978,0.1939763667489729,-1.4472903440081297,-0.01891230912589026,-0.30817289112734936,-0.23151741492183886,0.63992644107705,0.3883330521026629,0.44093917452701126,0.7567184447273887,-0.01084012248481514,-1.4082805306524646,0.6064786404642208
