,Температура_dinam_fact,Лимфоциты#_dinam_fact,АСТ_dinam_fact,ЧСС_dinam_fact,ЧДД_dinam_fact,Билирубин общий_dinam_fact,MPV- Средн.объем тромбоцитов_dinam_fact,PCT- Тромбокрит_dinam_fact,Лимфоциты%_dinam_fact,снижение_сознания_dinam_fact,Cтепень тяжести по КТ_dinam_fact,Лактатдегидрогеназа_dinam_fact,PDW- Индекс расп.по объему тр._dinam_fact
MSE,0.0015688439598307014,6.823485455242917e-05,0.0002026233560172841,0.011131948791444302,0.0001676490210229531,0.001993106910958886,0.004910504911094904,0.004300416447222233,0.008427082560956478,0.013055005110800266,0.05557429790496826,0.00045716812019236386,0.004973683040589094
R2,-0.0585328548915347,0.41009793501316205,0.5192973973021893,-0.04205925758731266,0.342577576034929,-0.2588156791672882,0.6226323784773264,0.42363861447254936,0.4437932778731897,0.7611928836107175,-0.011908639006123378,0.2792803275784218,0.6153540411572602
