,Температура_dinam_fact,Лимфоциты#_dinam_fact,АСТ_dinam_fact,ЧСС_dinam_fact,ЧДД_dinam_fact,Билирубин общий_dinam_fact,MPV- Средн.объем тромбоцитов_dinam_fact,PCT- Тромбокрит_dinam_fact,Лимфоциты%_dinam_fact,снижение_сознания_dinam_fact,Cтепень тяжести по КТ_dinam_fact,Лактатдегидрогеназа_dinam_fact,PDW- Индекс расп.по объему тр._dinam_fact
MSE,0.0015291437739506364,6.49422945571132e-05,0.00021587377705145627,0.011173059232532978,0.00016974522441159934,0.0019519805209711194,0.004669706802815199,0.005040508694946766,0.008438040502369404,0.013250666670501232,0.05561888590455055,0.0003960335161536932,0.0050163124687969685
R2,-0.031746339907530396,0.4385627975613894,0.4878623047349723,-0.04590725697142051,0.33435758762492807,-0.23284086694975503,0.6411374856176415,0.3244479114931842,0.4430700164580973,0.7576137430669944,-0.012720211440696128,0.37565811301455787,0.6120571680865557
