,Температура_dinam_fact,Лимфоциты#_dinam_fact,АСТ_dinam_fact,ЧСС_dinam_fact,ЧДД_dinam_fact,Билирубин общий_dinam_fact,MPV- Средн.объем тромбоцитов_dinam_fact,PCT- Тромбокрит_dinam_fact,Лимфоциты%_dinam_fact,снижение_сознания_dinam_fact,Cтепень тяжести по КТ_dinam_fact,Лактатдегидрогеназа_dinam_fact,PDW- Индекс расп.по объему тр._dinam_fact
MSE,0.0018605816876515746,8.869760495144874e-05,0.000673022004775703,0.008626542054116726,0.00018809143512044102,0.003342830343171954,0.005661404225975275,0.005946480203419924,0.00663368683308363,0.0007949779974296689,0.06607956439256668,0.0019606263376772404,0.004149292595684528
R2,-0.00611978957562509,-0.36700401056425713,0.04233926480898653,0.005145526055660099,0.2520154342183769,0.09923919628452993,0.5818500535964662,0.37063201810723834,0.5511724008119182,0.9793856217324447,-0.008740350013476395,0.0674234355189548,0.7002324157097064
