,Температура_dinam_fact,Лимфоциты#_dinam_fact,АСТ_dinam_fact,ЧСС_dinam_fact,ЧДД_dinam_fact,Билирубин общий_dinam_fact,MPV- Средн.объем тромбоцитов_dinam_fact,PCT- Тромбокрит_dinam_fact,Лимфоциты%_dinam_fact,снижение_сознания_dinam_fact,Cтепень тяжести по КТ_dinam_fact,Лактатдегидрогеназа_dinam_fact,PDW- Индекс расп.по объему тр._dinam_fact
MSE,0.0019213586347177625,0.0002643031475599855,0.0007940010982565582,0.008417051285505295,0.00028997662593610585,0.0038656815886497498,0.006123236380517483,0.008057690225541592,0.007226566784083843,0.00031697083613835275,0.06474269926548004,0.0020563513971865177,0.005459972191601992
R2,-0.038984602668078905,-3.0734300568363935,-0.12980520121599404,0.029304836352802566,-0.15315259287539962,-0.04164851260782432,0.5477390430909138,0.14718403096277555,0.5110588739042374,0.991780708660028,0.011667800464165046,0.021891642684125356,0.6055417617361278
