,Температура_dinam_fact,Лимфоциты#_dinam_fact,АСТ_dinam_fact,ЧСС_dinam_fact,ЧДД_dinam_fact,Билирубин общий_dinam_fact,MPV- Средн.объем тромбоцитов_dinam_fact,PCT- Тромбокрит_dinam_fact,Лимфоциты%_dinam_fact,снижение_сознания_dinam_fact,Cтепень тяжести по КТ_dinam_fact,Лактатдегидрогеназа_dinam_fact,PDW- Индекс расп.по объему тр._dinam_fact
MSE,0.0018228513654321432,5.0963895773747936e-05,0.0006445315084420145,0.008427952416241169,0.00017041093087755144,0.003140075830742717,0.00591313699260354,0.005697967018932104,0.006674822419881821,0.00015370931942015886,0.06495819985866547,0.0018338339868932962,0.004305736161768436
R2,0.014283709718780568,0.2145464450938236,0.08287931771030865,0.02804777507450229,0.3223254752249822,0.15387386599707187,0.5632568499700121,0.39693421418619546,0.5483890767629561,0.9960142028554086,0.008377954670215404,0.12773237377945112,0.6889300664971745
