,Температура_dinam_fact,Лимфоциты#_dinam_fact,АСТ_dinam_fact,ЧСС_dinam_fact,ЧДД_dinam_fact,Билирубин общий_dinam_fact,MPV- Средн.объем тромбоцитов_dinam_fact,PCT- Тромбокрит_dinam_fact,Лимфоциты%_dinam_fact,снижение_сознания_dinam_fact,Cтепень тяжести по КТ_dinam_fact,Лактатдегидрогеназа_dinam_fact,PDW- Индекс расп.по объему тр._dinam_fact
MSE,0.0019534421153366566,0.0002829008735716343,0.0006634749588556588,0.0085378959774971,0.0003287404833827168,0.0035513003822416067,0.006268741097301245,0.007239740341901779,0.006957054138183594,0.000322143139783293,0.06536104530096054,0.0019932358991354704,0.004966053180396557
R2,-0.056334381980251313,-3.360058133202492,0.05592403804924162,0.015368492019188773,-0.30730489543463,0.04306494087325785,0.5369921217322295,0.23375525087457028,0.5292940256156333,0.9916465859631852,0.002228162630427688,0.05191223267677525,0.6412249886460722
