,Температура_dinam_fact,Лимфоциты#_dinam_fact,АСТ_dinam_fact,ЧСС_dinam_fact,ЧДД_dinam_fact,Билирубин общий_dinam_fact,MPV- Средн.объем тромбоцитов_dinam_fact,PCT- Тромбокрит_dinam_fact,Лимфоциты%_dinam_fact,снижение_сознания_dinam_fact,Cтепень тяжести по КТ_dinam_fact,Лактатдегидрогеназа_dinam_fact,PDW- Индекс расп.по объему тр._dinam_fact
MSE,0.0023167338222265244,9.678309288574383e-05,0.0006979430909268558,0.008495230227708817,0.0002069804904749617,0.00342348194681108,0.0057555935345590115,0.005946353077888489,0.007435243111103773,0.0002380246587563306,0.06464200466871262,0.001968715339899063,0.004400649573653936
R2,-0.2527864722526536,-0.49161751189612524,0.006878327520833283,0.020289243755712838,0.17689909443696394,0.07750688406594297,0.5748928389486758,0.3706455126690913,0.49693993440925277,0.9938278417162859,0.013204794710641732,0.06357562299812802,0.6820729653121407
