,Температура_dinam_fact,Лимфоциты#_dinam_fact,АСТ_dinam_fact,ЧСС_dinam_fact,ЧДД_dinam_fact,Билирубин общий_dinam_fact,MPV- Средн.объем тромбоцитов_dinam_fact,PCT- Тромбокрит_dinam_fact,Лимфоциты%_dinam_fact,снижение_сознания_dinam_fact,Cтепень тяжести по КТ_dinam_fact,Лактатдегидрогеназа_dinam_fact,PDW- Индекс расп.по объему тр._dinam_fact
MSE,0.0023030824959278107,7.085832476150244e-05,0.000610347546171397,0.00837143324315548,0.00018758767691906542,0.003316957037895918,0.0056779817678034306,0.00560545502230525,0.0065628355368971825,0.00012522835459094495,0.06635124981403351,0.0018706618575379252,0.004159604199230671
R2,-0.24540452881501684,-0.09206615546784991,0.13152033342754066,0.0345659557605803,0.2540187432407046,0.10621132797162514,0.5806256574802416,0.40672560087191423,0.5559662487739605,0.9967527336617702,-0.012888075824931011,0.11021512900499286,0.6994875021665183
