,Температура_dinam_fact,Лимфоциты#_dinam_fact,АСТ_dinam_fact,ЧСС_dinam_fact,ЧДД_dinam_fact,Билирубин общий_dinam_fact,MPV- Средн.объем тромбоцитов_dinam_fact,PCT- Тромбокрит_dinam_fact,Лимфоциты%_dinam_fact,снижение_сознания_dinam_fact,Cтепень тяжести по КТ_dinam_fact,Лактатдегидрогеназа_dinam_fact,PDW- Индекс расп.по объему тр._dinam_fact
MSE,0.001843764679506421,0.000163288350449875,0.0006773804198019207,0.008398611098527908,0.0001915767788887024,0.00327366404235363,0.005634646397083998,0.005978937726467848,0.006602833513170481,0.00046947802184149623,0.06500285118818283,0.0019653821364045143,0.004017214756458998
R2,0.002974213507493939,-1.5165941208531954,0.0361374093810678,0.03143166323991631,0.23815534542278016,0.11787679829209774,0.5838263352186406,0.36719701765364765,0.5532599349316953,0.9878260782667234,0.0076962558175803775,0.06516121486699289,0.7097742657048349
