,Температура_dinam_fact,Лимфоциты#_dinam_fact,АСТ_dinam_fact,ЧСС_dinam_fact,ЧДД_dinam_fact,Билирубин общий_dinam_fact,MPV- Средн.объем тромбоцитов_dinam_fact,PCT- Тромбокрит_dinam_fact,Лимфоциты%_dinam_fact,снижение_сознания_dinam_fact,Cтепень тяжести по КТ_dinam_fact,Лактатдегидрогеназа_dinam_fact,PDW- Индекс расп.по объему тр._dinam_fact
MSE,0.0016392801189795136,0.0005748341791331768,0.0003150385746266693,0.007465619593858719,0.00014503058628179133,0.0011305861407890916,0.007532276213169098,0.007772163487970829,0.00881711021065712,0.01446552388370037,0.05796579271554947,0.0004383308405522257,0.004978212993592024
R2,-0.1128708498430051,-17.17984772352239,-0.028394424905379356,0.038797934918373134,0.4135996590017239,0.18033828115793638,0.4873223046776556,0.23657701837255685,0.4946159224585701,0.7937419079473056,-0.05099881300729581,0.1822775670276775,0.6189582702526941
