,Температура_dinam_fact,Лимфоциты#_dinam_fact,АСТ_dinam_fact,ЧСС_dinam_fact,ЧДД_dinam_fact,Билирубин общий_dinam_fact,MPV- Средн.объем тромбоцитов_dinam_fact,PCT- Тромбокрит_dinam_fact,Лимфоциты%_dinam_fact,снижение_сознания_dinam_fact,Cтепень тяжести по КТ_dinam_fact,Лактатдегидрогеназа_dinam_fact,PDW- Индекс расп.по объему тр._dinam_fact
MSE,0.002179402392357588,0.0006410324131138623,0.0006951634422875941,0.007378166075795889,0.0005894604837521911,0.0014502637786790729,0.0076124160550534725,0.007186046801507473,0.010041342116892338,0.01612870581448078,0.05554037168622017,0.000927786692045629,0.0050817267037928104
R2,-0.4795475436125194,-19.273459583977534,-1.2692529889918887,0.05005759074574412,-1.383358514935023,-0.05142448958276313,0.4818676311497805,0.29414832595476004,0.4244446150888964,0.7700273136498249,-0.007022616796881653,-0.7308198598244808,0.6110351005269725
