,Температура_dinam_fact,Лимфоциты#_dinam_fact,АСТ_dinam_fact,ЧСС_dinam_fact,ЧДД_dinam_fact,Билирубин общий_dinam_fact,MPV- Средн.объем тромбоцитов_dinam_fact,PCT- Тромбокрит_dinam_fact,Лимфоциты%_dinam_fact,снижение_сознания_dinam_fact,Cтепень тяжести по КТ_dinam_fact,Лактатдегидрогеназа_dinam_fact,PDW- Индекс расп.по объему тр._dinam_fact
MSE,0.0019524189410731196,0.00031233669142238796,0.0008698487654328346,0.008507207967340946,0.000262685411144048,0.003774546552449465,0.012140333652496338,0.008964234963059425,0.014442777261137962,0.0012455472024157643,0.06511446088552475,0.0021767120342701674,0.012174466624855995
R2,-0.05578086738259502,-3.813721738436805,-0.23773058306420025,0.018907524066951176,-0.044623186029458806,-0.017091230312016092,0.10331743955128625,0.05123633849234732,0.022818530722127583,0.9677020266866786,0.005992366099958901,-0.035358467039412256,0.12044948136954259
