,Температура_dinam_fact,Лимфоциты#_dinam_fact,АСТ_dinam_fact,ЧСС_dinam_fact,ЧДД_dinam_fact,Билирубин общий_dinam_fact,MPV- Средн.объем тромбоцитов_dinam_fact,PCT- Тромбокрит_dinam_fact,Лимфоциты%_dinam_fact,снижение_сознания_dinam_fact,Cтепень тяжести по КТ_dinam_fact,Лактатдегидрогеназа_dinam_fact,PDW- Индекс расп.по объему тр._dinam_fact
MSE,0.002722914796322584,0.00032034883042797446,0.004004326649010181,0.011805988848209381,0.0003954092098865658,0.0015662908554077148,0.00529022142291069,0.008157005533576012,0.009939545765519142,0.017788071185350418,0.04930601641535759,0.0038644501473754644,0.005823698826134205
R2,-0.14957895848177594,-2.47890617284131,0.11708216314866782,-0.06714632870696313,0.23404915492714407,0.06431691669319228,0.6080738021230705,0.19469439100321384,0.32814449450283834,0.6746138039541374,-0.04604414579541327,0.0698793063037495,0.5438756691063592
