,Температура_dinam_fact,Лимфоциты#_dinam_fact,АСТ_dinam_fact,ЧСС_dinam_fact,ЧДД_dinam_fact,Билирубин общий_dinam_fact,MPV- Средн.объем тромбоцитов_dinam_fact,PCT- Тромбокрит_dinam_fact,Лимфоциты%_dinam_fact,снижение_сознания_dinam_fact,Cтепень тяжести по КТ_dinam_fact,Лактатдегидрогеназа_dinam_fact,PDW- Индекс расп.по объему тр._dinam_fact
MSE,0.0021849737968295813,4.372301191324368e-05,0.00044709580834023654,0.01126036699861288,0.00014213009853847325,0.0009774868376553059,0.006056450307369232,0.007972808554768562,0.009988795965909958,0.005435158032923937,0.06995194405317307,0.001510909292846918,0.005882482044398785
R2,0.009583096190280749,0.7055949641721179,0.22383483248581348,-0.003959084857223516,0.4413747705295338,-0.052788089744808975,0.5955771882396403,0.2876501840007416,0.4157160260089441,0.921190968616654,0.0209113776799823,0.17240803124745185,0.5601614802775341
