,Температура_dinam_fact,Лимфоциты#_dinam_fact,АСТ_dinam_fact,ЧСС_dinam_fact,ЧДД_dinam_fact,Билирубин общий_dinam_fact,MPV- Средн.объем тромбоцитов_dinam_fact,PCT- Тромбокрит_dinam_fact,Лимфоциты%_dinam_fact,снижение_сознания_dinam_fact,Cтепень тяжести по КТ_dinam_fact,Лактатдегидрогеназа_dinam_fact,PDW- Индекс расп.по объему тр._dinam_fact
MSE,0.0021793784108012915,6.378156103892252e-05,0.00024618260795250535,0.006607050076127052,0.00011200740118511021,0.0030765889678150415,0.006419777870178223,0.008323677815496922,0.010086286813020706,0.00017355481395497918,0.07456836849451065,0.0005714097642339766,0.006458096206188202
R2,0.019464762568983107,0.9624694548136938,0.3253178704594125,0.04066328109626727,0.4183161015555885,0.29794239208245654,0.598868681325942,0.23551271444761068,0.35203160367052644,0.9955720662628318,0.012326748499552065,0.21918511097267934,0.5607980695286265
