,Температура_dinam_fact,Лимфоциты#_dinam_fact,АСТ_dinam_fact,ЧСС_dinam_fact,ЧДД_dinam_fact,Билирубин общий_dinam_fact,MPV- Средн.объем тромбоцитов_dinam_fact,PCT- Тромбокрит_dinam_fact,Лимфоциты%_dinam_fact,снижение_сознания_dinam_fact,Cтепень тяжести по КТ_dinam_fact,Лактатдегидрогеназа_dinam_fact,PDW- Индекс расп.по объему тр._dinam_fact
MSE,0.0022306074388325214,0.00017314603610429913,0.0004591148754116148,0.011322378180921078,0.0002041976695181802,0.0008277026936411858,0.006385754328221083,0.007877318188548088,0.010051281191408634,0.005488167982548475,0.07047569006681442,0.001578381285071373,0.006154248956590891
R2,-0.01110257794316527,-0.16586358392575518,0.2029702472712137,-0.009488370095963372,0.1974259770427247,0.10853481954679245,0.5735875509962485,0.2961818223667848,0.41206108205578085,0.9204222624362741,0.013581115976156966,0.13545026348837164,0.5398412296858126
