,Температура_dinam_fact,Лимфоциты#_dinam_fact,АСТ_dinam_fact,ЧСС_dinam_fact,ЧДД_dinam_fact,Билирубин общий_dinam_fact,MPV- Средн.объем тромбоцитов_dinam_fact,PCT- Тромбокрит_dinam_fact,Лимфоциты%_dinam_fact,снижение_сознания_dinam_fact,Cтепень тяжести по КТ_dinam_fact,Лактатдегидрогеназа_dinam_fact,PDW- Индекс расп.по объему тр._dinam_fact
MSE,0.0021364311687648296,0.0004018905747216195,0.0005710372934117913,0.015473135747015476,0.0005895273061469197,0.0019766187760978937,0.012118149548768997,0.005811905488371849,0.012285756878554821,0.023296313360333443,0.03971225395798683,0.0006068418151699007,0.00939337257295847
R2,-0.3211809446365621,-12.494302652543505,-0.6378157043543,-0.008205437699060125,-1.7903435082825667,-1.0016249040953573,0.15743814075892038,0.10748073788015666,0.23334513877868235,0.7181145455886797,-0.0678186891590451,0.0009500992224749094,-0.049553958602365444
