,Температура_dinam_fact,Лимфоциты#_dinam_fact,АСТ_dinam_fact,ЧСС_dinam_fact,ЧДД_dinam_fact,Билирубин общий_dinam_fact,MPV- Средн.объем тромбоцитов_dinam_fact,PCT- Тромбокрит_dinam_fact,Лимфоциты%_dinam_fact,снижение_сознания_dinam_fact,Cтепень тяжести по КТ_dinam_fact,Лактатдегидрогеназа_dinam_fact,PDW- Индекс расп.по объему тр._dinam_fact
MSE,0.002244796836748719,0.00012974745186511427,0.0005746505339629948,0.011306077241897583,0.0001776298158802092,0.001070175552740693,0.006225026678293943,0.007985912263393402,0.010081893764436245,0.005479737184941769,0.07021300494670868,0.0017368168337270617,0.005843966268002987
R2,-0.017534017897872234,0.1263572083852208,0.002398573650099989,-0.008035234978027272,0.3018474700354441,-0.15261688838107634,0.5843202276521884,0.28647944656000757,0.4102702957603259,0.9205445226500386,0.0172580696836786,0.048668637290538386,0.5630413680931117
