,Температура_dinam_fact,Лимфоциты#_dinam_fact,АСТ_dinam_fact,ЧСС_dinam_fact,ЧДД_dinam_fact,Билирубин общий_dinam_fact,MPV- Средн.объем тромбоцитов_dinam_fact,PCT- Тромбокрит_dinam_fact,Лимфоциты%_dinam_fact,снижение_сознания_dinam_fact,Cтепень тяжести по КТ_dinam_fact,Лактатдегидрогеназа_dinam_fact,PDW- Индекс расп.по объему тр._dinam_fact
MSE,0.002190485130995512,0.00025091736461035907,0.0004485496610868722,0.006024214904755354,0.00045417004730552435,0.0014738279860466719,0.010232783854007721,0.009888175874948502,0.013860078528523445,0.0020477776415646076,0.06157548353075981,0.00032770688994787633,0.00726149370893836
R2,-1.4999059339207905,-2.006389360201683,-1.3506495091077237,-0.039748142093418926,-1.1272625323431917,-1.0456438589748012,0.27161317696474674,0.07462500462927113,0.16988298065157048,0.9395160914868012,-0.09393431538364716,0.12779166223209237,0.3975456707884728
