,Температура_dinam_fact,Лимфоциты#_dinam_fact,АСТ_dinam_fact,ЧСС_dinam_fact,ЧДД_dinam_fact,Билирубин общий_dinam_fact,MPV- Средн.объем тромбоцитов_dinam_fact,PCT- Тромбокрит_dinam_fact,Лимфоциты%_dinam_fact,снижение_сознания_dinam_fact,Cтепень тяжести по КТ_dinam_fact,Лактатдегидрогеназа_dinam_fact,PDW- Индекс расп.по объему тр._dinam_fact
MSE,0.0029495626222342253,0.000455708330264315,0.0006095663993619382,0.014416737481951714,0.00047336186980828643,0.003230395494028926,0.0046768500469625,0.0074823289178311825,0.007716264575719833,0.011769304051995277,0.054945431649684906,0.0008661675965413451,0.006229723803699017
R2,-0.10733379405555565,-17.613600731686933,-1.4435562453664867,-0.016548442340124092,-1.3795446095569246,-0.07503272945151473,0.5612440028692565,0.05342554236882491,0.43450806528065045,0.8108505434411397,0.0030062966992292495,-0.05352111280552152,0.44795372731468985
