,Температура_dinam_fact,Лимфоциты#_dinam_fact,АСТ_dinam_fact,ЧСС_dinam_fact,ЧДД_dinam_fact,Билирубин общий_dinam_fact,MPV- Средн.объем тромбоцитов_dinam_fact,PCT- Тромбокрит_dinam_fact,Лимфоциты%_dinam_fact,снижение_сознания_dinam_fact,Cтепень тяжести по КТ_dinam_fact,Лактатдегидрогеназа_dinam_fact,PDW- Индекс расп.по объему тр._dinam_fact
MSE,0.0027416604571044445,0.0003044312761630863,0.00014761135389562696,0.014444602653384209,0.00015175811131484807,0.003053637919947505,0.005689084064215422,0.007245740853250027,0.008675499819219112,0.012372619472444057,0.05529225990176201,0.0008256247965618968,0.007008229847997427
R2,-0.029282959901658412,-11.434622437646413,0.40827322252885656,-0.018513252527123658,0.2371264264473989,-0.01620985729902724,0.4662815272547497,0.08335570959623362,0.36420996427817165,0.8011543647547017,-0.003287310263290655,-0.004208192934407773,0.3789664823033242
