,Температура_dinam_fact,Лимфоциты#_dinam_fact,АСТ_dinam_fact,ЧСС_dinam_fact,ЧДД_dinam_fact,Билирубин общий_dinam_fact,MPV- Средн.объем тромбоцитов_dinam_fact,PCT- Тромбокрит_dinam_fact,Лимфоциты%_dinam_fact,снижение_сознания_dinam_fact,Cтепень тяжести по КТ_dinam_fact,Лактатдегидрогеназа_dinam_fact,PDW- Индекс расп.по объему тр._dinam_fact
MSE,0.0022147491108626127,0.00021192508575040847,0.0004633775679394603,0.011216819286346436,0.0001895102468552068,0.0009117533918470144,0.006307498551905155,0.008522627875208855,0.010045661590993404,0.005150522571057081,0.07040287554264069,0.0016702881548553705,0.006254683714359999
R2,-0.003914270517867413,-0.426978316329093,0.1955697796118695,-7.738684064140244e-05,0.2551531440225553,0.018008625280602653,0.5788130813274444,0.23852509508858988,0.4123896885214504,0.9253180665031725,0.014600005008324257,0.08510934641958434,0.5323315706265126
