,Температура_dinam_fact,Лимфоциты#_dinam_fact,АСТ_dinam_fact,ЧСС_dinam_fact,ЧДД_dinam_fact,Билирубин общий_dinam_fact,MPV- Средн.объем тромбоцитов_dinam_fact,PCT- Тромбокрит_dinam_fact,Лимфоциты%_dinam_fact,снижение_сознания_dinam_fact,Cтепень тяжести по КТ_dinam_fact,Лактатдегидрогеназа_dinam_fact,PDW- Индекс расп.по объему тр._dinam_fact
MSE,0.002722032368183136,0.00019515835447236896,0.00015741564857307822,0.0141711151227355,0.00018469062342774123,0.002859149593859911,0.004916755948215723,0.0070122890174388885,0.007892253808677197,0.01094084233045578,0.0550137422978878,0.0007673557847738266,0.00614440580829978
R2,-0.021913556486682584,-6.971327717647446,0.3689714669394968,0.0007708320471050412,0.07157747914290558,0.048512879705075895,0.5387373026298448,0.11288918488452537,0.42161052865981474,0.8241650360503363,0.0017667262386635851,0.06666439891840825,0.4555140685363227
