,Температура_dinam_fact,Лимфоциты#_dinam_fact,АСТ_dinam_fact,ЧСС_dinam_fact,ЧДД_dinam_fact,Билирубин общий_dinam_fact,MPV- Средн.объем тромбоцитов_dinam_fact,PCT- Тромбокрит_dinam_fact,Лимфоциты%_dinam_fact,снижение_сознания_dinam_fact,Cтепень тяжести по КТ_dinam_fact,Лактатдегидрогеназа_dinam_fact,PDW- Индекс расп.по объему тр._dinam_fact
MSE,0.002248746808618307,0.00017212270176969469,0.0004669805057346821,0.011189129203557968,0.0001772897521732375,0.0009878065902739763,0.006362184416502714,0.008460563607513905,0.010177874006330967,0.005337240640074015,0.07023920118808746,0.0017367575783282518,0.006473601795732975
R2,-0.019323675385248817,-0.15897304112955668,0.1893149604828651,0.002391535343547746,0.3031839133413705,-0.06390246231984054,0.5751613106675433,0.24406981553207285,0.40465584385386877,0.9226107271987771,0.016890615094118155,0.04870072175368534,0.5159630144347643
