,Температура_dinam_fact,Лимфоциты#_dinam_fact,АСТ_dinam_fact,ЧСС_dinam_fact,ЧДД_dinam_fact,Билирубин общий_dinam_fact,MPV- Средн.объем тромбоцитов_dinam_fact,PCT- Тромбокрит_dinam_fact,Лимфоциты%_dinam_fact,снижение_сознания_dinam_fact,Cтепень тяжести по КТ_dinam_fact,Лактатдегидрогеназа_dinam_fact,PDW- Индекс расп.по объему тр._dinam_fact
MSE,0.0022032810375094414,4.0563369111623615e-05,0.000476415065350011,0.011241168715059757,0.00015281469677574933,0.0010659813415259123,0.006116606295108795,0.00785828661173582,0.010234014131128788,0.0055184131488204,0.06973911821842194,0.0014922147383913398,0.005928461905568838
R2,0.0012849578363787195,0.7268700993911753,0.17293605605805062,-0.002247731535291564,0.3993804583691175,-0.14809970817740248,0.5915600739817546,0.29788209221188033,0.401372058864804,0.9199836626214922,0.023890460656846635,0.18264824322604611,0.5567235115013127
