,Температура_dinam_fact,Лимфоциты#_dinam_fact,АСТ_dinam_fact,ЧСС_dinam_fact,ЧДД_dinam_fact,Билирубин общий_dinam_fact,MPV- Средн.объем тромбоцитов_dinam_fact,PCT- Тромбокрит_dinam_fact,Лимфоциты%_dinam_fact,снижение_сознания_dinam_fact,Cтепень тяжести по КТ_dinam_fact,Лактатдегидрогеназа_dinam_fact,PDW- Индекс расп.по объему тр._dinam_fact
MSE,0.002740047872066498,9.868817869573832e-05,0.0001332242536591366,0.014368481934070587,0.00014882604591548443,0.0021655880846083164,0.00455496134236455,0.005722560919821262,0.007253589108586311,0.009858362376689911,0.05377424508333206,0.0006299972301349044,0.005067676305770874
R2,-0.028677331921585836,-3.030961159065855,0.46594663112149504,-0.01314518909204021,0.2518655952569173,0.2793209959198827,0.5726787782247669,0.27605021510228556,0.46841570175493097,0.8415620078932283,0.024257553129307996,0.23373346852416887,0.5509282929009242
