,Температура_dinam_fact,Лимфоциты#_dinam_fact,АСТ_dinam_fact,ЧСС_dinam_fact,ЧДД_dinam_fact,Билирубин общий_dinam_fact,MPV- Средн.объем тромбоцитов_dinam_fact,PCT- Тромбокрит_dinam_fact,Лимфоциты%_dinam_fact,снижение_сознания_dinam_fact,Cтепень тяжести по КТ_dinam_fact,Лактатдегидрогеназа_dinam_fact,PDW- Индекс расп.по объему тр._dinam_fact
MSE,0.00017596337420400232,0.0003518002340570092,2.759329800028354e-05,0.00019163843535352498,0.0001917922927532345,5.204199260333553e-05,7.722958252998069e-05,0.00015622809587512165,0.00026732718106359243,8.334979793289676e-05,0.002228944795206189,4.46702579210978e-05,0.0001474501914344728
R2,0.9595896692183106,0.9028311816355372,0.9144790719706641,0.9841375849361788,0.47299377535337606,0.9626687212004517,0.9953302668352866,0.9864862777042764,0.9837155574474037,0.9985144188546375,0.9769552917959842,0.9697339395693121,0.9879525985415224
