,Температура_dinam_fact,Лимфоциты#_dinam_fact,АСТ_dinam_fact,ЧСС_dinam_fact,ЧДД_dinam_fact,Билирубин общий_dinam_fact,MPV- Средн.объем тромбоцитов_dinam_fact,PCT- Тромбокрит_dinam_fact,Лимфоциты%_dinam_fact,снижение_сознания_dinam_fact,Cтепень тяжести по КТ_dinam_fact,Лактатдегидрогеназа_dinam_fact,PDW- Индекс расп.по объему тр._dinam_fact
MSE,0.0027051831129938364,0.00028946297243237495,0.0001665580493863672,0.01388849038630724,0.0001398176682414487,0.0017581268912181258,0.004728106781840324,0.005986453033983707,0.007209314964711666,0.011722064577043056,0.05429382994771004,0.0006566630909219384,0.00517325010150671
R2,-0.015588211686008213,-10.823242478447717,0.3323222278517556,0.020699254491892027,0.2971500813590666,0.4149188450627749,0.556435182681654,0.24266560631713097,0.47166023030414694,0.811609610544602,0.0148300620961207,0.20129939069215985,0.5415728470761005
