,Температура_dinam_fact,Лимфоциты#_dinam_fact,АСТ_dinam_fact,ЧСС_dinam_fact,ЧДД_dinam_fact,Билирубин общий_dinam_fact,MPV- Средн.объем тромбоцитов_dinam_fact,PCT- Тромбокрит_dinam_fact,Лимфоциты%_dinam_fact,снижение_сознания_dinam_fact,Cтепень тяжести по КТ_dinam_fact,Лактатдегидрогеназа_dinam_fact,PDW- Индекс расп.по объему тр._dinam_fact
MSE,0.00276365177705884,7.349704537773505e-05,0.0001587517181178555,0.014209185726940632,0.0001295172842219472,0.00304389582015574,0.005752026103436947,0.006961504928767681,0.008923269808292389,0.012354210019111633,0.05487164482474327,0.0007814984419383109,0.005954188294708729
R2,-0.037538512112742284,-2.002017820798424,0.36361517548485434,-0.0019134443259549716,0.3489286760174449,-0.01296771343339298,0.4603766812841811,0.11931400962705951,0.34605190747068404,0.8014502275479533,0.004345243418060529,0.0494623887806821,0.4723700869939188
