,Температура_dinam_fact,Лимфоциты#_dinam_fact,АСТ_dinam_fact,ЧСС_dinam_fact,ЧДД_dinam_fact,Билирубин общий_dinam_fact,MPV- Средн.объем тромбоцитов_dinam_fact,PCT- Тромбокрит_dinam_fact,Лимфоциты%_dinam_fact,снижение_сознания_dinam_fact,Cтепень тяжести по КТ_dinam_fact,Лактатдегидрогеназа_dinam_fact,PDW- Индекс расп.по объему тр._dinam_fact
MSE,0.00222200364805758,0.003580857766792178,0.00023430390865541995,0.0021128347143530846,0.0003454707912169397,0.001371363876387477,0.00035783814382739365,0.0014763844665139914,0.0007642014534212649,0.00027864068397320807,0.0018433606019243598,0.0013114280300214887,0.0012918909778818488
R2,0.48971263926051367,0.01095137819694425,0.27381345429905557,0.825115143475631,0.05071663906200308,0.01627895112338984,0.9783630946389147,0.8722928788165423,0.9534480719685916,0.9950336596391512,0.9809417838280676,0.11144959246281749,0.8944461654507919
