,Температура_dinam_fact,Лимфоциты#_dinam_fact,АСТ_dinam_fact,ЧСС_dinam_fact,ЧДД_dinam_fact,Билирубин общий_dinam_fact,MPV- Средн.объем тромбоцитов_dinam_fact,PCT- Тромбокрит_dinam_fact,Лимфоциты%_dinam_fact,снижение_сознания_dinam_fact,Cтепень тяжести по КТ_dinam_fact,Лактатдегидрогеназа_dinam_fact,PDW- Индекс расп.по объему тр._dinam_fact
MSE,0.0021842506248503923,5.5913413234520704e-05,0.000283704575849697,0.006599347107112408,0.00016479456098750234,0.0030530057847499847,0.00686854450032115,0.00828650500625372,0.010237051174044609,8.813513704808429e-05,0.07448536902666092,0.0007620206451974809,0.006474983878433704
R2,0.017272042846491642,0.9670992615156601,0.22248664235421667,0.04178144702568931,0.1441781961127483,0.30332412737253667,0.5708280612141282,0.23892664531260566,0.3423458220569787,0.9977513904123919,0.013425851555726953,-0.041278963483814435,0.5596500901395642
