,Температура_dinam_fact,Лимфоциты#_dinam_fact,АСТ_dinam_fact,ЧСС_dinam_fact,ЧДД_dinam_fact,Билирубин общий_dinam_fact,MPV- Средн.объем тромбоцитов_dinam_fact,PCT- Тромбокрит_dinam_fact,Лимфоциты%_dinam_fact,снижение_сознания_dinam_fact,Cтепень тяжести по КТ_dinam_fact,Лактатдегидрогеназа_dinam_fact,PDW- Индекс расп.по объему тр._dinam_fact
MSE,0.0022368452046066523,5.392697858042084e-05,0.0004557669162750244,0.011171290650963783,0.00015384997823275626,0.0008704284555278718,0.006220540031790733,0.007870063185691833,0.010148836299777031,0.005473412573337555,0.06968395411968231,0.001554685179144144,0.005929232109338045
R2,-0.01392893079283275,0.6368874583201787,0.2087824775511089,0.003982152053782162,0.39531128386820413,0.0625175546562462,0.5846199179068924,0.2968297671067883,0.406354683300135,0.9206361832662212,0.024662563354186706,0.14843032006649515,0.556665696229202
