,Температура_dinam_fact,Лимфоциты#_dinam_fact,АСТ_dinam_fact,ЧСС_dinam_fact,ЧДД_dinam_fact,Билирубин общий_dinam_fact,MPV- Средн.объем тромбоцитов_dinam_fact,PCT- Тромбокрит_dinam_fact,Лимфоциты%_dinam_fact,снижение_сознания_dinam_fact,Cтепень тяжести по КТ_dinam_fact,Лактатдегидрогеназа_dinam_fact,PDW- Индекс расп.по объему тр._dinam_fact
MSE,0.002211108338087797,4.911983705824241e-05,0.00046157711767591536,0.011333874426782131,0.0001585590944159776,0.000937407894525677,0.006021276582032442,0.008243861608207226,0.009934977628290653,0.005526530556380749,0.07111596316099167,0.0015936766285449266,0.0058042812161147594
R2,-0.002262441202821819,0.6692557089334423,0.19869610151312178,-0.010513283951791186,0.3768026357813494,-0.009621701766231228,0.5979256539882469,0.26343176642725474,0.41886387890241317,0.9198660304731274,0.004619763049244385,0.12707288017788487,0.5660083251751773
