,Температура_dinam_fact,Лимфоциты#_dinam_fact,АСТ_dinam_fact,ЧСС_dinam_fact,ЧДД_dinam_fact,Билирубин общий_dinam_fact,MPV- Средн.объем тромбоцитов_dinam_fact,PCT- Тромбокрит_dinam_fact,Лимфоциты%_dinam_fact,снижение_сознания_dinam_fact,Cтепень тяжести по КТ_dinam_fact,Лактатдегидрогеназа_dinam_fact,PDW- Индекс расп.по объему тр._dinam_fact
MSE,0.0021704682148993015,6.451674562413245e-05,0.0002443005796521902,0.00668526254594326,0.00010558332724031061,0.003048916580155492,0.0064589111134409904,0.008500134572386742,0.010166500695049763,5.182807581149973e-05,0.0740494430065155,0.0005470247706398368,0.006370507646352053
R2,0.0234730954224176,0.9620368624588778,0.33047599947268,0.029306557974905112,0.45167827630053614,0.30425753290028223,0.5964235233560163,0.2193057373078019,0.34687833830719084,0.9986777002476465,0.01919972885504373,0.2525062415531596,0.5667549321377298
