,Температура_dinam_fact,Лимфоциты#_dinam_fact,АСТ_dinam_fact,ЧСС_dinam_fact,ЧДД_dinam_fact,Билирубин общий_dinam_fact,MPV- Средн.объем тромбоцитов_dinam_fact,PCT- Тромбокрит_dinam_fact,Лимфоциты%_dinam_fact,снижение_сознания_dinam_fact,Cтепень тяжести по КТ_dinam_fact,Лактатдегидрогеназа_dinam_fact,PDW- Индекс расп.по объему тр._dinam_fact
MSE,0.002153540961444378,7.987580465851352e-05,0.00030899824923835695,0.0072173988446593285,0.00010721846047090366,0.0031147992704063654,0.006539851892739534,0.008358226157724857,0.010066951625049114,0.0002768838603515178,0.07389431446790695,0.0006932922406122088,0.006458728574216366
R2,0.03108884212243279,0.9529992549728349,0.15316683912080664,-0.04795930596234799,0.4431863360475665,0.2892235153030247,0.5913662697253933,0.23233963490779197,0.35327340741995605,0.9929358071147892,0.021255200393922036,0.0526363234514583,0.5607551503759596
