,Температура_dinam_fact,Лимфоциты#_dinam_fact,АСТ_dinam_fact,ЧСС_dinam_fact,ЧДД_dinam_fact,Билирубин общий_dinam_fact,MPV- Средн.объем тромбоцитов_dinam_fact,PCT- Тромбокрит_dinam_fact,Лимфоциты%_dinam_fact,снижение_сознания_dinam_fact,Cтепень тяжести по КТ_dinam_fact,Лактатдегидрогеназа_dinam_fact,PDW- Индекс расп.по объему тр._dinam_fact
MSE,0.002256325213238597,6.491275416919962e-05,0.0004537812783382833,0.011292712762951851,0.00017142438446171582,0.0008765161037445068,0.006251267623156309,0.007896371185779572,0.010182762518525124,0.005491959862411022,0.06947585940361023,0.0017024489352479577,0.0057289074175059795
R2,-0.02275918673822641,0.5629158327321583,0.2122293867470606,-0.006843720112804208,0.32623713596199777,0.05596055999613492,0.5825678481661904,0.2944793432544388,0.40437004196786575,0.9203672467755573,0.027575388857097427,0.0674936032657143,0.5716444745636856
