,Температура_dinam_fact,Лимфоциты#_dinam_fact,АСТ_dinam_fact,ЧСС_dinam_fact,ЧДД_dinam_fact,Билирубин общий_dinam_fact,MPV- Средн.объем тромбоцитов_dinam_fact,PCT- Тромбокрит_dinam_fact,Лимфоциты%_dinam_fact,снижение_сознания_dinam_fact,Cтепень тяжести по КТ_dinam_fact,Лактатдегидрогеназа_dinam_fact,PDW- Индекс расп.по объему тр._dinam_fact
MSE,0.002154633868485689,6.177891191327944e-05,0.00025601385277695954,0.0065305703319609165,0.00011818576604127884,0.0031075989827513695,0.006592420861124992,0.008268284611403942,0.010273679159581661,6.542033952428028e-05,0.07394619286060333,0.0005462919361889362,0.007478083949536085
R2,0.030597455699674314,0.9636478838609028,0.2983748658269153,0.051767561535794204,0.3862302395114773,0.29086608264149894,0.5880814219796339,0.24060010088894423,0.33999255224967306,0.9983309183398215,0.02056763611951895,0.25350828169587547,0.49143093611221345
