,Температура_dinam_fact,Лимфоциты#_dinam_fact,АСТ_dinam_fact,ЧСС_dinam_fact,ЧДД_dinam_fact,Билирубин общий_dinam_fact,MPV- Средн.объем тромбоцитов_dinam_fact,PCT- Тромбокрит_dinam_fact,Лимфоциты%_dinam_fact,снижение_сознания_dinam_fact,Cтепень тяжести по КТ_dinam_fact,Лактатдегидрогеназа_dinam_fact,PDW- Индекс расп.по объему тр._dinam_fact
MSE,0.0021714449394494295,7.704722520429641e-05,0.0005048461607657373,0.011253572069108486,0.0001430116535630077,0.0008046857547014952,0.006102136801928282,0.007839968428015709,0.009996557608246803,0.00544167822226882,0.06959515064954758,0.001510876347310841,0.005667340476065874
R2,0.01571535730957796,0.481209264742507,0.12357967506782819,-0.003353478660289788,0.43791012987722233,0.13332498515910096,0.5925259788347244,0.29951889413215516,0.41526209107716183,0.9210963494018723,0.02590604797781293,0.1724264431021163,0.5762478400116672
