,Температура_dinam_fact,Лимфоциты#_dinam_fact,АСТ_dinam_fact,ЧСС_dinam_fact,ЧДД_dinam_fact,Билирубин общий_dinam_fact,MPV- Средн.объем тромбоцитов_dinam_fact,PCT- Тромбокрит_dinam_fact,Лимфоциты%_dinam_fact,снижение_сознания_dinam_fact,Cтепень тяжести по КТ_dinam_fact,Лактатдегидрогеназа_dinam_fact,PDW- Индекс расп.по объему тр._dinam_fact
MSE,0.0022407800424844027,0.0005526242312043905,0.0002322200743947178,0.0097724087536335,0.0001877167378552258,0.0011574026430025697,0.005020578857511282,0.007592836860567331,0.007755253463983536,0.0005046919686719775,0.06420432776212692,0.0010209395550191402,0.004968145862221718
R2,-0.011725760821783116,-13.400010058277532,0.3036110721932025,0.12559970706825752,0.19842187478645967,0.11400142683528158,0.6784767306344968,0.4917599444180787,0.48951349387564347,0.9888715413243326,0.23932587730387866,0.13809096981405422,0.6649825272951635
