,Температура_dinam_fact,Лимфоциты#_dinam_fact,АСТ_dinam_fact,ЧСС_dinam_fact,ЧДД_dinam_fact,Билирубин общий_dinam_fact,MPV- Средн.объем тромбоцитов_dinam_fact,PCT- Тромбокрит_dinam_fact,Лимфоциты%_dinam_fact,снижение_сознания_dinam_fact,Cтепень тяжести по КТ_dinam_fact,Лактатдегидрогеназа_dinam_fact,PDW- Индекс расп.по объему тр._dinam_fact
MSE,0.001817648415453732,0.00025406500208191574,0.0019666084554046392,0.006779487710446119,0.0001937749475473538,0.0018698710482567549,0.005586256273090839,0.009048998355865479,0.01009971834719181,0.011890809051692486,0.07330934703350067,0.000873846176546067,0.005179768428206444
R2,-0.056399107440342044,-1.5718237831323125,0.00924478919337568,-0.023891539757423086,0.19362821056364976,0.048477318535367186,0.6310559168641097,0.19081703804767836,0.3905446677906165,0.7875908922113664,-0.034621388692382515,0.1513145638035105,0.5946414267962484
