,Температура_dinam_fact,Лимфоциты#_dinam_fact,АСТ_dinam_fact,ЧСС_dinam_fact,ЧДД_dinam_fact,Билирубин общий_dinam_fact,MPV- Средн.объем тромбоцитов_dinam_fact,PCT- Тромбокрит_dinam_fact,Лимфоциты%_dinam_fact,снижение_сознания_dinam_fact,Cтепень тяжести по КТ_dinam_fact,Лактатдегидрогеназа_dinam_fact,PDW- Индекс расп.по объему тр._dinam_fact
MSE,0.002772389678284526,0.0012101426254957914,0.0005180308944545686,0.011948679573833942,0.000193345156731084,0.002219074172899127,0.007701323367655277,0.007771587464958429,0.007354337256401777,0.004869168624281883,0.07384292781352997,0.002375494223088026,0.006347627844661474
R2,-0.007414241360492069,0.36174651376745726,0.10187457483189788,-0.035780656032078584,0.37093349003347376,0.09178044069159741,0.515296846769211,0.28684892687968755,0.49960143402406143,0.9327443650251632,-0.023391719919185983,0.0312803990335907,0.5539717298143474
