,Температура_dinam_fact,Лимфоциты#_dinam_fact,АСТ_dinam_fact,ЧСС_dinam_fact,ЧДД_dinam_fact,Билирубин общий_dinam_fact,MPV- Средн.объем тромбоцитов_dinam_fact,PCT- Тромбокрит_dinam_fact,Лимфоциты%_dinam_fact,снижение_сознания_dinam_fact,Cтепень тяжести по КТ_dinam_fact,Лактатдегидрогеназа_dinam_fact,PDW- Индекс расп.по объему тр._dinam_fact
MSE,0.0019856183789670467,0.00012606398377101868,0.0022653853520751,0.009795866906642914,0.0002174771943828091,0.0012279452057555318,0.00567252142354846,0.008095578290522099,0.009709016419947147,0.0026636281982064247,0.06907261162996292,0.0021457651164382696,0.005131236743181944
R2,-0.009030887014558564,-1.2941178200498484,0.11202012730714406,-0.024281640841429697,0.3094160477326001,0.1442243186869443,0.6273004084376159,0.22819128002697753,0.3098811810557396,0.9541327358382502,-0.012091847926472887,0.12902877745575958,0.6026575379996484
