,Температура_dinam_fact,Лимфоциты#_dinam_fact,АСТ_dinam_fact,ЧСС_dinam_fact,ЧДД_dinam_fact,Билирубин общий_dinam_fact,MPV- Средн.объем тромбоцитов_dinam_fact,PCT- Тромбокрит_dinam_fact,Лимфоциты%_dinam_fact,снижение_сознания_dinam_fact,Cтепень тяжести по КТ_dinam_fact,Лактатдегидрогеназа_dinam_fact,PDW- Индекс расп.по объему тр._dinam_fact
MSE,0.005887470835117251,0.06859853982171066,0.005625868935151308,0.09655620124809675,0.0032570936049711205,0.0050090000747820395,0.003507383951238732,0.016625326338387147,0.006251913091824749,331.5457679921787,0.06411527391758343,0.006649357982897601,0.006479621612654856
R2,0.09319630187471384,-23.451079130694843,0.21477914002671628,-4.546861818751389,0.2226284971617184,0.5004257087603012,0.8653073194560981,0.4425967879313827,0.7006562401121891,-5156.833390225596,0.1415844196276097,0.4208630001015631,0.898274011419101
