,Температура_dinam_fact,Лимфоциты#_dinam_fact,АСТ_dinam_fact,ЧСС_dinam_fact,ЧДД_dinam_fact,Билирубин общий_dinam_fact,MPV- Средн.объем тромбоцитов_dinam_fact,PCT- Тромбокрит_dinam_fact,Лимфоциты%_dinam_fact,снижение_сознания_dinam_fact,Cтепень тяжести по КТ_dinam_fact,Лактатдегидрогеназа_dinam_fact,PDW- Индекс расп.по объему тр._dinam_fact
MSE,0.0021625449880957603,7.670799095649272e-05,0.0002606881025712937,0.00659139733761549,0.00012089493247913197,0.0031398050487041473,0.006504951976239681,0.00852895900607109,0.01018198300153017,6.038042192813009e-05,0.07443724572658539,0.0006918064900673926,0.006469331216067076
R2,0.027037285750140305,0.9548632536165566,0.28556472737541505,0.04293590044306195,0.37216067361990235,0.283516749410028,0.5935471943575035,0.21665840532878755,0.34588368325916596,0.9984595029967348,0.01406341654196086,0.05466643464456267,0.5600340743188188
