,Температура_dinam_fact,Лимфоциты#_dinam_fact,АСТ_dinam_fact,ЧСС_dinam_fact,ЧДД_dinam_fact,Билирубин общий_dinam_fact,MPV- Средн.объем тромбоцитов_dinam_fact,PCT- Тромбокрит_dinam_fact,Лимфоциты%_dinam_fact,снижение_сознания_dinam_fact,Cтепень тяжести по КТ_dinam_fact,Лактатдегидрогеназа_dinam_fact,PDW- Индекс расп.по объему тр._dinam_fact
MSE,0.002266127848997712,4.521153823588975e-05,0.00044914003228768706,0.01166984997689724,0.00014131664647720754,0.0010468001710250974,0.006303261499851942,0.00783703662455082,0.010430044494569302,0.005458353087306023,0.06938343495130539,0.0015219961060211062,0.005859104450792074
R2,-0.02720293326052281,0.6955722295821265,0.22028674553591576,-0.04046828823959214,0.44457216081860895,-0.12744055052920777,0.5790958821546928,0.2997810051726698,0.38990520857690836,0.92085459166511,0.02886885398617378,0.16633514999555998,0.5619091362957822
