,Температура_dinam_fact,Лимфоциты#_dinam_fact,АСТ_dinam_fact,ЧСС_dinam_fact,ЧДД_dinam_fact,Билирубин общий_dinam_fact,MPV- Средн.объем тромбоцитов_dinam_fact,PCT- Тромбокрит_dinam_fact,Лимфоциты%_dinam_fact,снижение_сознания_dinam_fact,Cтепень тяжести по КТ_dinam_fact,Лактатдегидрогеназа_dinam_fact,PDW- Индекс расп.по объему тр._dinam_fact
MSE,0.0019142844248563051,0.0009538043523207307,0.0011421854142099619,0.014387873001396656,0.0003627503174357116,0.003538450924679637,0.005001513287425041,0.006537236738950014,0.009274443611502647,0.012622809037566185,0.05426529049873352,0.0007980685331858695,0.005658059846609831
R2,-0.06951809927361574,0.8770555482915912,0.026775924475064494,-0.028991448242185136,-0.6820477469019248,0.5723316416531643,0.39575086081747657,0.11317215143866,0.5740670666260743,0.705925761547338,-0.1589608256291366,0.28928468006524666,0.5302293408437527
