,Температура_dinam_fact,Лимфоциты#_dinam_fact,АСТ_dinam_fact,ЧСС_dinam_fact,ЧДД_dinam_fact,Билирубин общий_dinam_fact,MPV- Средн.объем тромбоцитов_dinam_fact,PCT- Тромбокрит_dinam_fact,Лимфоциты%_dinam_fact,снижение_сознания_dinam_fact,Cтепень тяжести по КТ_dinam_fact,Лактатдегидрогеназа_dinam_fact,PDW- Индекс расп.по объему тр._dinam_fact
MSE,0.0020032152707870265,0.00011045216850051593,0.0013161869077174156,0.012915084859405556,0.0017852543892880601,0.031110626021294895,0.005636186342829521,0.004469322707755654,0.010489687180264934,0.0450047013324204,0.008878655482837576,0.0012364959123048495,0.010256767774899617
R2,-0.6271881224092215,-2.953805916235453,-2.7665810278702185,-0.23449203572200972,-6.749034971667358,-0.10350123075103901,0.1654090557375345,0.3142573493194294,0.03740413005083487,0.5885284449607278,-6.332050979375551,-0.7257320319543328,-0.09650764202842566
