,Температура_dinam_fact,Лимфоциты#_dinam_fact,АСТ_dinam_fact,ЧСС_dinam_fact,ЧДД_dinam_fact,Билирубин общий_dinam_fact,MPV- Средн.объем тромбоцитов_dinam_fact,PCT- Тромбокрит_dinam_fact,Лимфоциты%_dinam_fact,снижение_сознания_dinam_fact,Cтепень тяжести по КТ_dinam_fact,Лактатдегидрогеназа_dinam_fact,PDW- Индекс расп.по объему тр._dinam_fact
MSE,0.0020488791119560048,0.0002186038828322162,0.00046827121665805817,0.01019322678915918,0.0005833333246869712,0.028630205767869735,0.009222311828418093,0.0064993125481229985,0.010826997537511507,0.05092190812550617,0.010083128643994636,0.00293210627254498,0.010826672386899763
R2,-0.6642803216637478,-6.825263523459215,-0.3400691575186441,0.02567753704218234,-1.5320034837953624,-0.015520140285006034,-0.3656145253171892,0.0027894368385306123,0.006450532369914441,0.5344282685668007,-7.326712686653639,-3.092233274102064,-0.15743373258637638
