,Температура_dinam_fact,Лимфоциты#_dinam_fact,АСТ_dinam_fact,ЧСС_dinam_fact,ЧДД_dinam_fact,Билирубин общий_dinam_fact,MPV- Средн.объем тромбоцитов_dinam_fact,PCT- Тромбокрит_dinam_fact,Лимфоциты%_dinam_fact,снижение_сознания_dinam_fact,Cтепень тяжести по КТ_dinam_fact,Лактатдегидрогеназа_dinam_fact,PDW- Индекс расп.по объему тр._dinam_fact
MSE,0.002243961673229933,7.608855230500922e-05,0.0002479865506757051,0.006549326702952385,0.00013057405885774642,0.0031757240649312735,0.0067388517782092094,0.008317419327795506,0.010832574218511581,0.0002842878457158804,0.07487519085407257,0.000584362365771085,0.00646801246330142
R2,-0.009593091813767218,0.9552277329199017,0.32037415837202154,0.04904533455645421,0.3218945800828582,0.2753207624784908,0.5789318983650806,0.23608748854522177,0.30408813548124036,0.9927469102228976,0.008262639178672981,0.20148560348563693,0.5601239308494852
