,Температура_dinam_fact,Лимфоциты#_dinam_fact,АСТ_dinam_fact,ЧСС_dinam_fact,ЧДД_dinam_fact,Билирубин общий_dinam_fact,MPV- Средн.объем тромбоцитов_dinam_fact,PCT- Тромбокрит_dinam_fact,Лимфоциты%_dinam_fact,снижение_сознания_dinam_fact,Cтепень тяжести по КТ_dinam_fact,Лактатдегидрогеназа_dinam_fact,PDW- Индекс расп.по объему тр._dinam_fact
MSE,0.0015841592473803741,5.9937472597790795e-05,0.001886096529073533,0.010812827503353903,0.0003297385101555852,0.02738304145602479,0.004355734573490496,0.006154823120715733,0.009380779302123173,0.03022207744077895,0.01049450944576749,0.001889582849406302,0.006063801243050615
R2,-0.286793860317037,-1.1455543786832818,-4.397512588436635,-0.033547172305663064,-0.43125554656672205,0.028717071532192495,0.3550148257126109,0.05564556483120309,0.13916408964825655,0.7236838633985925,-7.666433606827351,-1.6372215369265528,0.35174466765076584
