,Температура_dinam_fact,Лимфоциты#_dinam_fact,АСТ_dinam_fact,ЧСС_dinam_fact,ЧДД_dinam_fact,Билирубин общий_dinam_fact,MPV- Средн.объем тромбоцитов_dinam_fact,PCT- Тромбокрит_dinam_fact,Лимфоциты%_dinam_fact,снижение_сознания_dinam_fact,Cтепень тяжести по КТ_dinam_fact,Лактатдегидрогеназа_dinam_fact,PDW- Индекс расп.по объему тр._dinam_fact
MSE,0.0020001998636871576,0.00027178728487342596,0.0002594937104731798,0.008331417106091976,0.0002165608457289636,0.0008244142518378794,0.004190552048385143,0.007736810017377138,0.0069146109744906425,0.0008325834642164409,0.06144586578011513,0.0009816251695156097,0.004484998993575573
R2,0.09689742410896252,-6.082099907552309,0.22182254523758627,0.25453449891820035,0.07525299123589779,0.36890618085804183,0.7316324852692803,0.4821227635913674,0.5448483495502008,0.981641525106588,0.2720078560791085,0.17128197214659702,0.6975625693108887
