,Температура_dinam_fact,Лимфоциты#_dinam_fact,АСТ_dinam_fact,ЧСС_dinam_fact,ЧДД_dinam_fact,Билирубин общий_dinam_fact,MPV- Средн.объем тромбоцитов_dinam_fact,PCT- Тромбокрит_dinam_fact,Лимфоциты%_dinam_fact,снижение_сознания_dinam_fact,Cтепень тяжести по КТ_dinam_fact,Лактатдегидрогеназа_dinam_fact,PDW- Индекс расп.по объему тр._dinam_fact
MSE,0.0016115615441111772,0.00011813804417241688,0.001515589865568754,0.010750519530028726,0.00010593016425393121,0.02714136675323286,0.004147149155624321,0.00537454670067085,0.009857780149385953,0.029395908388072,0.00812206358190684,0.0020960253108272373,0.007017382805835417
R2,-0.3090524225481335,-3.2289337033632375,-3.337219888916623,-0.0275914470689147,0.5402019161619152,0.037289330148581046,0.38590157967485084,0.17536590178888456,0.09539166463245075,0.7312374090233418,-5.707252506348877,-1.9253457150045232,0.24980129778625926
