,Температура_dinam_fact,Лимфоциты#_dinam_fact,АСТ_dinam_fact,ЧСС_dinam_fact,ЧДД_dinam_fact,Билирубин общий_dinam_fact,MPV- Средн.объем тромбоцитов_dinam_fact,PCT- Тромбокрит_dinam_fact,Лимфоциты%_dinam_fact,снижение_сознания_dinam_fact,Cтепень тяжести по КТ_dinam_fact,Лактатдегидрогеназа_dinam_fact,PDW- Индекс расп.по объему тр._dinam_fact
MSE,0.0022290588822215796,9.709848382044584e-05,0.0004561390960589051,0.011212936602532864,0.00020998212858103216,0.0008896953077055514,0.006393884774297476,0.008115577511489391,0.009790593758225441,0.00554364500567317,0.0695478767156601,0.0015424882294610143,0.005695117637515068
R2,-0.010400353881177438,0.3461964570838971,0.20813567963960533,0.00026882445647491426,0.1746908547277971,0.041766886745869036,0.5730446974921016,0.2748935853095016,0.42730969915336536,0.9196178272187875,0.026567083893530907,0.1551111340396698,0.5741708389711764
