,Температура_dinam_fact,Лимфоциты#_dinam_fact,АСТ_dinam_fact,ЧСС_dinam_fact,ЧДД_dinam_fact,Билирубин общий_dinam_fact,MPV- Средн.объем тромбоцитов_dinam_fact,PCT- Тромбокрит_dinam_fact,Лимфоциты%_dinam_fact,снижение_сознания_dinam_fact,Cтепень тяжести по КТ_dinam_fact,Лактатдегидрогеназа_dinam_fact,PDW- Индекс расп.по объему тр._dinam_fact
MSE,0.001946851029060781,0.00024273991584777832,0.002392443362623453,0.009782110340893269,0.0005541287246160209,0.001402073074132204,0.005345458164811134,0.009336533956229687,0.009196205995976925,0.003353290958330035,0.07379696518182755,0.002572768134996295,0.006224740296602249
R2,0.044423700365428975,0.8729294239007643,0.06656437277561289,-0.034586613803301525,0.1422553629631259,0.07652063583497482,0.6479322989006081,0.2601238034663388,0.48385337146286844,0.9225385548112938,0.0015390926455056686,0.1745764983295388,0.5701912288668882
