,Температура_dinam_fact,Лимфоциты#_dinam_fact,АСТ_dinam_fact,ЧСС_dinam_fact,ЧДД_dinam_fact,Билирубин общий_dinam_fact,MPV- Средн.объем тромбоцитов_dinam_fact,PCT- Тромбокрит_dinam_fact,Лимфоциты%_dinam_fact,снижение_сознания_dinam_fact,Cтепень тяжести по КТ_dinam_fact,Лактатдегидрогеназа_dinam_fact,PDW- Индекс расп.по объему тр._dinam_fact
MSE,0.0022312114015221596,9.616540774004534e-05,0.0004869404074270278,0.011223644949495792,0.00016417892766185105,0.0009719468653202057,0.005901013035327196,0.007797097321599722,0.010029878467321396,0.00555791798979044,0.07169831544160843,0.0016492397990077734,0.005948071833699942
R2,-0.011376103717119168,0.3524784716107783,0.1546640425067881,-0.000685994717826155,0.35471443961376337,-0.046821467308651776,0.605956344267117,0.3033493042793033,0.41331270899279327,0.9194108816103036,-0.0035316774694811315,0.0966387869393952,0.5552573208658679
