,Температура_dinam_fact,Лимфоциты#_dinam_fact,АСТ_dinam_fact,ЧСС_dinam_fact,ЧДД_dinam_fact,Билирубин общий_dinam_fact,MPV- Средн.объем тромбоцитов_dinam_fact,PCT- Тромбокрит_dinam_fact,Лимфоциты%_dinam_fact,снижение_сознания_dinam_fact,Cтепень тяжести по КТ_dinam_fact,Лактатдегидрогеназа_dinam_fact,PDW- Индекс расп.по объему тр._dinam_fact
MSE,0.001211659167893231,0.0003864139143843204,0.025672899559140205,0.00935889221727848,0.0012618406908586621,0.007474125362932682,0.01110430434346199,0.010548476129770279,0.010241605341434479,0.005749676376581192,0.043434835970401764,0.022565195336937904,0.006792181637138128
R2,-0.8697693767841084,-4.405462891757313,0.07778545344224141,0.03770470570449691,0.1995106979934267,-0.3153600883772274,0.31930411110484336,-0.29544143126116307,-0.019117073143473773,0.9285308983488791,-0.6759239092261888,0.01179377289650163,0.4469733127961173
