,Температура_dinam_fact,Лимфоциты#_dinam_fact,АСТ_dinam_fact,ЧСС_dinam_fact,ЧДД_dinam_fact,Билирубин общий_dinam_fact,MPV- Средн.объем тромбоцитов_dinam_fact,PCT- Тромбокрит_dinam_fact,Лимфоциты%_dinam_fact,снижение_сознания_dinam_fact,Cтепень тяжести по КТ_dinam_fact,Лактатдегидрогеназа_dinam_fact,PDW- Индекс расп.по объему тр._dinam_fact
MSE,0.0018680227221921086,0.00015922596503514796,0.001764116925187409,0.00683741457760334,0.00016993453027680516,0.0013937068870291114,0.0052690161392092705,0.008963225409388542,0.009941795840859413,0.012085611931979656,0.07197127491235733,0.0008691675611771643,0.0048681157641112804
R2,-0.08567585482669249,-0.6117962514065098,0.11125735818052362,-0.03264009656012146,0.2928371755061796,0.2907829235561211,0.6520075756148,0.19848709981265822,0.4000746874984805,0.7841110836692342,-0.015736228046073775,0.1558586426162356,0.6190306127031003
