,Температура_dinam_fact,Лимфоциты#_dinam_fact,АСТ_dinam_fact,ЧСС_dinam_fact,ЧДД_dinam_fact,Билирубин общий_dinam_fact,MPV- Средн.объем тромбоцитов_dinam_fact,PCT- Тромбокрит_dinam_fact,Лимфоциты%_dinam_fact,снижение_сознания_dinam_fact,Cтепень тяжести по КТ_dinam_fact,Лактатдегидрогеназа_dinam_fact,PDW- Индекс расп.по объему тр._dinam_fact
MSE,0.001795579562895,0.0008073221542872488,0.00022735679522156715,0.006596186198294163,0.00025039425236172974,0.0012102191103622317,0.004754160065203905,0.006647851783782244,0.007921052165329456,0.0008818138157948852,0.06334017962217331,0.0009541733306832612,0.0039994181133806705
R2,-0.10705596205986478,0.7136251062176171,0.1484881385363246,0.1588121690472578,0.05624509056583671,0.5349031311579722,0.7005325666373454,0.5466363448940355,0.5869212561357846,0.9773467774344943,0.2075303058456469,0.22419680056435998,0.7430875993651251
