,Температура_dinam_fact,Лимфоциты#_dinam_fact,АСТ_dinam_fact,ЧСС_dinam_fact,ЧДД_dinam_fact,Билирубин общий_dinam_fact,MPV- Средн.объем тромбоцитов_dinam_fact,PCT- Тромбокрит_dinam_fact,Лимфоциты%_dinam_fact,снижение_сознания_dinam_fact,Cтепень тяжести по КТ_dinam_fact,Лактатдегидрогеназа_dinam_fact,PDW- Индекс расп.по объему тр._dinam_fact
MSE,0.003687942369603371,0.0003304619800941189,0.0005461205204135742,0.013234193172674706,0.0006477898571300586,0.028551922619285016,0.007236707409005308,0.00691277807545116,0.009576608588801567,0.03541525856328201,0.011446852466846052,0.0007633417222238066,0.007411801169319151
R2,-1.9956720615406707,-10.82939683054667,-0.5628534055909458,-0.26499409401677676,-1.8117820559982185,-0.012743418570978937,-0.07159169382622443,-0.06064991744730763,0.12119363358676771,0.6762033502785645,-8.452884617782551,-0.06536806815098695,0.20763569949957172
