,Температура_dinam_fact,Лимфоциты#_dinam_fact,АСТ_dinam_fact,ЧСС_dinam_fact,ЧДД_dinam_fact,Билирубин общий_dinam_fact,MPV- Средн.объем тромбоцитов_dinam_fact,PCT- Тромбокрит_dinam_fact,Лимфоциты%_dinam_fact,снижение_сознания_dinam_fact,Cтепень тяжести по КТ_dinam_fact,Лактатдегидрогеназа_dinam_fact,PDW- Индекс расп.по объему тр._dinam_fact
MSE,0.001814394723623991,0.0008035040809772909,0.010734387673437595,0.010419940575957298,0.0011550422059372067,0.0033347727730870247,0.005718431901186705,0.005051398649811745,0.006715511903166771,0.0033779307268559933,0.05014066398143768,0.009506565518677235,0.004895939026027918
R2,-0.36415589434623574,0.3841384905060601,0.020280782077305104,-0.3671846833857033,-0.043634701543929566,-0.07414862800714417,0.5787190881013263,0.18815484590462872,0.6202630675922343,0.9462719127429381,0.21297514865392275,-0.0011758853329650876,0.6716874362345218
