,Температура_dinam_fact,Лимфоциты#_dinam_fact,АСТ_dinam_fact,ЧСС_dinam_fact,ЧДД_dinam_fact,Билирубин общий_dinam_fact,MPV- Средн.объем тромбоцитов_dinam_fact,PCT- Тромбокрит_dinam_fact,Лимфоциты%_dinam_fact,снижение_сознания_dinam_fact,Cтепень тяжести по КТ_dinam_fact,Лактатдегидрогеназа_dinam_fact,PDW- Индекс расп.по объему тр._dinam_fact
MSE,0.0022678887471556664,0.0001625471340958029,0.0002527915930841118,0.006600301247090101,0.0001919119240483269,0.003815807867795229,0.006411232054233551,0.008290639147162437,0.010065392591059208,6.948073132662103e-05,0.07446165382862091,0.0005884725251235068,0.006423121318221092
R2,-0.020357895032848017,0.9043535826532169,0.30720568817450955,0.04164268425112039,0.0033507999984031533,0.12925786486774238,0.5994026677921931,0.2385468869667413,0.35337365090452155,0.9982273242803922,0.013740446079589907,0.19586938207518523,0.5631766844388882
