,Температура_dinam_fact,Лимфоциты#_dinam_fact,АСТ_dinam_fact,ЧСС_dinam_fact,ЧДД_dinam_fact,Билирубин общий_dinam_fact,MPV- Средн.объем тромбоцитов_dinam_fact,PCT- Тромбокрит_dinam_fact,Лимфоциты%_dinam_fact,снижение_сознания_dinam_fact,Cтепень тяжести по КТ_dinam_fact,Лактатдегидрогеназа_dinam_fact,PDW- Индекс расп.по объему тр._dinam_fact
MSE,0.0029736754950135946,0.0010461092460900545,0.001173802767880261,0.006609595846384764,0.0027066986076533794,0.005303306505084038,0.00947197899222374,0.009076550602912903,0.009733202867209911,0.004643131047487259,0.013025255873799324,0.0020085240248590708,0.005936046130955219
R2,-1.724311877681068,-21.135851254150648,-20.81111778594918,-0.3243442374632488,-38.18840682994555,-16.802334477253524,0.2803268400255692,-0.05139724096354614,-0.9211014955835586,0.0,0.0,-6.106244115053641,0.1112282625944725
