,Температура_dinam_fact,Лимфоциты#_dinam_fact,АСТ_dinam_fact,ЧСС_dinam_fact,ЧДД_dinam_fact,Билирубин общий_dinam_fact,MPV- Средн.объем тромбоцитов_dinam_fact,PCT- Тромбокрит_dinam_fact,Лимфоциты%_dinam_fact,снижение_сознания_dinam_fact,Cтепень тяжести по КТ_dinam_fact,Лактатдегидрогеназа_dinam_fact,PDW- Индекс расп.по объему тр._dinam_fact
MSE,0.0017324335566918788,0.0017752932880875576,0.004217013019701111,0.01008930969312063,0.00021618594174451853,0.02824314305828083,0.007916378576910747,0.006256412562050833,0.009332579595644706,0.09990776086042784,0.007672358362874036,0.0008306665210846039,0.009439138791058753
R2,-0.4072353318296422,-62.54936440619442,-11.067983005418352,0.035610482031043555,0.061628172985934704,-0.0017909348322828755,-0.17223552767175332,0.04005836799231721,0.1435871804031671,0.08655761499037407,-5.335883035147595,-0.15933082272442545,-0.009098387105110461
