,Температура_dinam_fact,Лимфоциты#_dinam_fact,АСТ_dinam_fact,ЧСС_dinam_fact,ЧДД_dinam_fact,Билирубин общий_dinam_fact,MPV- Средн.объем тромбоцитов_dinam_fact,PCT- Тромбокрит_dinam_fact,Лимфоциты%_dinam_fact,снижение_сознания_dinam_fact,Cтепень тяжести по КТ_dinam_fact,Лактатдегидрогеназа_dinam_fact,PDW- Индекс расп.по объему тр._dinam_fact
MSE,0.005367333388091077,0.0017263881631636214,0.0016259039881162264,0.01696530362329589,0.0015142085939807866,0.03577319532123858,0.006695689059565407,0.006640190274197491,0.012680795984986976,0.06624649999130988,0.010347767745176565,0.001800685782818483,0.010260651738098137
R2,-3.3598215655978647,-60.79872994710194,-3.65290991641739,-0.6216333407451187,-5.572539700538492,-0.26888366173870426,0.008520812691025892,-0.01882588870789559,-0.16366500097175662,0.3943177143651668,-7.545253363758716,-1.5131511588276778,-0.09692286009926443
