,Температура_dinam_fact,Лимфоциты#_dinam_fact,АСТ_dinam_fact,ЧСС_dinam_fact,ЧДД_dinam_fact,Билирубин общий_dinam_fact,MPV- Средн.объем тромбоцитов_dinam_fact,PCT- Тромбокрит_dinam_fact,Лимфоциты%_dinam_fact,снижение_сознания_dinam_fact,Cтепень тяжести по КТ_dinam_fact,Лактатдегидрогеназа_dinam_fact,PDW- Индекс расп.по объему тр._dinam_fact
MSE,0.0016969498246908188,0.001046878402121365,0.0009770403848960996,0.007004824001342058,0.0006995466537773609,0.0016771714435890317,0.0047293235547840595,0.007465890608727932,0.014039712026715279,0.0003731328179128468,0.05768565088510513,0.000507522898260504,0.005796249955892563
R2,-0.9366552486351205,-11.543266459897417,-4.120233856435013,-0.20899626426616713,-2.2765685040036527,-1.327880359105437,0.6633588842706407,0.30131224612770424,0.1591242370598005,0.9889790131379594,-0.02482863478251507,-0.35079786886015096,0.5191105591529683
