,Температура_dinam_fact,Лимфоциты#_dinam_fact,АСТ_dinam_fact,ЧСС_dinam_fact,ЧДД_dinam_fact,Билирубин общий_dinam_fact,MPV- Средн.объем тромбоцитов_dinam_fact,PCT- Тромбокрит_dinam_fact,Лимфоциты%_dinam_fact,снижение_сознания_dinam_fact,Cтепень тяжести по КТ_dinam_fact,Лактатдегидрогеназа_dinam_fact,PDW- Индекс расп.по объему тр._dinam_fact
MSE,0.0019473786232993007,0.0004876331950072199,0.0005198462167754769,0.010598794557154179,0.00020805954409297556,0.0021462594158947468,0.0053000724874436855,0.008297909051179886,0.010648326948285103,0.0005035026697441936,0.0724092647433281,0.0008940401021391153,0.005758239887654781
R2,-0.013759255314093055,0.31188519087825084,0.31664581598094965,-0.04571039038930036,0.19882797485707593,0.4810372239918108,0.6488333031109184,0.3285307831546034,0.45349139049327425,0.9916667598288978,-0.04844194617164632,0.2833972842169541,0.5940861355097788
