,Температура_dinam_fact,Лимфоциты#_dinam_fact,АСТ_dinam_fact,ЧСС_dinam_fact,ЧДД_dinam_fact,Билирубин общий_dinam_fact,MPV- Средн.объем тромбоцитов_dinam_fact,PCT- Тромбокрит_dinam_fact,Лимфоциты%_dinam_fact,снижение_сознания_dinam_fact,Cтепень тяжести по КТ_dinam_fact,Лактатдегидрогеназа_dinam_fact,PDW- Индекс расп.по объему тр._dinam_fact
MSE,0.0014209938235580921,0.0001721040316624567,0.00036065737367607653,0.006479320582002401,0.0003323266573715955,0.0012362751876935363,0.005498602520674467,0.006514959968626499,0.009513826109468937,0.008849944919347763,0.05648857727646828,0.000625387008767575,0.004812862724065781
R2,-0.07157410541082099,-4.5059661509558815,-0.33628193666665807,0.05248861020643458,-0.41303155790612167,0.11948105561948541,0.6172370650134338,0.23745697757173612,0.4295958404565595,0.8088711101928105,0.015689774438735316,-0.11928231178977566,0.6409426055854697
