,Температура_dinam_fact,Лимфоциты#_dinam_fact,АСТ_dinam_fact,ЧСС_dinam_fact,ЧДД_dinam_fact,Билирубин общий_dinam_fact,MPV- Средн.объем тромбоцитов_dinam_fact,PCT- Тромбокрит_dinam_fact,Лимфоциты%_dinam_fact,снижение_сознания_dinam_fact,Cтепень тяжести по КТ_dinam_fact,Лактатдегидрогеназа_dinam_fact,PDW- Индекс расп.по объему тр._dinam_fact
MSE,0.001951605430804193,0.0004741549491882324,0.0017411442240700126,0.008519358932971954,0.0005140777211636305,0.0011857944773510098,0.006936064455658197,0.005748910363763571,0.008489814586937428,0.012956327758729458,0.05540836229920387,0.001629971549846232,0.004525315016508102
R2,-0.002359431230358311,0.8908446113363606,0.1169059120004079,0.06479470862364867,-0.6688850513247981,0.36367255102744556,0.5776858090806445,0.3951119138605754,0.5438879423975926,0.7610121982323551,0.1359614904835177,0.13050533611626802,0.6903454349384107
