,Температура_dinam_fact,Лимфоциты#_dinam_fact,АСТ_dinam_fact,ЧСС_dinam_fact,ЧДД_dinam_fact,Билирубин общий_dinam_fact,MPV- Средн.объем тромбоцитов_dinam_fact,PCT- Тромбокрит_dinam_fact,Лимфоциты%_dinam_fact,снижение_сознания_dinam_fact,Cтепень тяжести по КТ_dinam_fact,Лактатдегидрогеназа_dinam_fact,PDW- Индекс расп.по объему тр._dinam_fact
MSE,0.0017338349716737866,0.0005825438420288265,0.00089127296814695,0.00629934249445796,0.000795175670646131,0.0027651877608150244,0.008224180899560452,0.007443645037710667,0.007664651609957218,0.001958593726158142,0.01732676662504673,0.0005335966125130653,0.004563984926789999
R2,-0.5884406117403551,-11.326727795088605,-15.561268762921983,-0.2621798622018212,-10.512795003664845,-8.282285019330835,0.3751335528097762,0.1377529316387981,-0.5128189784556874,0.0,0.0,-0.8878878104552905,0.316659422884507
