,Температура_dinam_fact,Лимфоциты#_dinam_fact,АСТ_dinam_fact,ЧСС_dinam_fact,ЧДД_dinam_fact,Билирубин общий_dinam_fact,MPV- Средн.объем тромбоцитов_dinam_fact,PCT- Тромбокрит_dinam_fact,Лимфоциты%_dinam_fact,снижение_сознания_dinam_fact,Cтепень тяжести по КТ_dinam_fact,Лактатдегидрогеназа_dinam_fact,PDW- Индекс расп.по объему тр._dinam_fact
MSE,0.002216952620074153,8.249185339082032e-05,0.0003654480678960681,0.00835506059229374,0.0001971996098291129,0.0010323382448405027,0.004820857662707567,0.00696659367531538,0.007794423494488001,0.002258616965264082,0.07814457267522812,0.0008515633526258171,0.005255703814327717
R2,0.05563683870910707,0.9642582860011324,0.02611161146879204,0.21651586085589358,0.2102475270117532,0.5261788352115303,0.7187261053595946,0.45862137172002426,0.5431023806665443,0.9526646786511324,0.06049105610451799,0.1130344738518938,0.6770897318393512
