,Температура_dinam_fact,Лимфоциты#_dinam_fact,АСТ_dinam_fact,ЧСС_dinam_fact,ЧДД_dinam_fact,Билирубин общий_dinam_fact,MPV- Средн.объем тромбоцитов_dinam_fact,PCT- Тромбокрит_dinam_fact,Лимфоциты%_dinam_fact,снижение_сознания_dinam_fact,Cтепень тяжести по КТ_dinam_fact,Лактатдегидрогеназа_dinam_fact,PDW- Индекс расп.по объему тр._dinam_fact
MSE,0.001963356975466013,0.0005916587542742491,0.00047081426600925624,0.010982031933963299,0.0001725046313367784,0.0022036349400877953,0.005321369972079992,0.00843125395476818,0.010390189476311207,0.00042516764369793236,0.07683288305997849,0.00087643665028736,0.00569868041202426
R2,-0.022076880390917264,0.16509112894155842,0.38109997216278146,-0.08352221038533836,0.3357391007279048,0.46716312645135694,0.6474223463556266,0.3177404950713988,0.46673976762140834,0.9929632520019956,-0.11249335201014565,0.2975067469783129,0.5982847114876209
