,Температура_dinam_fact,Лимфоциты#_dinam_fact,АСТ_dinam_fact,ЧСС_dinam_fact,ЧДД_dinam_fact,Билирубин общий_dinam_fact,MPV- Средн.объем тромбоцитов_dinam_fact,PCT- Тромбокрит_dinam_fact,Лимфоциты%_dinam_fact,снижение_сознания_dinam_fact,Cтепень тяжести по КТ_dinam_fact,Лактатдегидрогеназа_dinam_fact,PDW- Индекс расп.по объему тр._dinam_fact
MSE,0.001675781444646418,0.0005736686289310455,0.0011724855285137892,0.00661481823772192,0.0013099241768941283,0.0014566946774721146,0.008479198440909386,0.01237364299595356,0.00700901634991169,0.0021302259992808104,0.015206141397356987,0.0013893276918679476,0.0055284383706748486
R2,-0.5352553932283539,-11.138928659859824,-20.786643083744067,-0.3253904900135234,-17.965478802218307,-3.8898869552503275,0.3557575258658532,-0.4333214580318212,-0.38341221146345417,0.0,0.0,-3.9155008604034363,0.1722572356431542
