,Температура_dinam_fact,Лимфоциты#_dinam_fact,АСТ_dinam_fact,ЧСС_dinam_fact,ЧДД_dinam_fact,Билирубин общий_dinam_fact,MPV- Средн.объем тромбоцитов_dinam_fact,PCT- Тромбокрит_dinam_fact,Лимфоциты%_dinam_fact,снижение_сознания_dinam_fact,Cтепень тяжести по КТ_dinam_fact,Лактатдегидрогеназа_dinam_fact,PDW- Индекс расп.по объему тр._dinam_fact
MSE,0.001947142998687923,0.0007157400250434875,0.000560318527277559,0.008127789944410324,0.0003990689292550087,0.0013160898815840483,0.008035168051719666,0.008250213228166103,0.006385925225913525,0.0031117547769099474,0.01843087002635002,0.0008348923292942345,0.006063910201191902
R2,-0.7838613651101636,-14.145182260853785,-9.411606589766498,-0.6285401729808864,-4.7778412743059855,-3.417899582672071,0.38949465988334664,0.04432299000778428,-0.26042879798354823,0.0,0.0,-1.9538850937649461,0.09208390628901941
