,Температура_dinam_fact,Лимфоциты#_dinam_fact,АСТ_dinam_fact,ЧСС_dinam_fact,ЧДД_dinam_fact,Билирубин общий_dinam_fact,MPV- Средн.объем тромбоцитов_dinam_fact,PCT- Тромбокрит_dinam_fact,Лимфоциты%_dinam_fact,снижение_сознания_dinam_fact,Cтепень тяжести по КТ_dinam_fact,Лактатдегидрогеназа_dinam_fact,PDW- Индекс расп.по объему тр._dinam_fact
MSE,0.0022495544981211424,0.00021198485046625137,0.0002881233231164515,0.008242440409958363,0.00016116892220452428,0.0008873824262991548,0.004566080402582884,0.006438706535845995,0.007871522568166256,0.00022322536096908152,0.0624697282910347,0.0009433875675313175,0.005037347320467234
R2,0.04174905600151235,0.9081521449187078,0.23217543207451163,0.227076994791235,0.35454446142332463,0.5927105263803146,0.7335911923098263,0.49964400852317326,0.538583457772424,0.9953217212858556,0.24894467931207487,0.017393759689953603,0.6905054991109969
