,Температура_dinam_fact,Лимфоциты#_dinam_fact,АСТ_dinam_fact,ЧСС_dinam_fact,ЧДД_dinam_fact,Билирубин общий_dinam_fact,MPV- Средн.объем тромбоцитов_dinam_fact,PCT- Тромбокрит_dinam_fact,Лимфоциты%_dinam_fact,снижение_сознания_dinam_fact,Cтепень тяжести по КТ_dinam_fact,Лактатдегидрогеназа_dinam_fact,PDW- Индекс расп.по объему тр._dinam_fact
MSE,0.0020425969269126654,0.0004741331795230508,0.0004991454188711941,0.01048099435865879,0.00018726117559708655,0.002083670813590288,0.0053613316267728806,0.008282816968858242,0.010001487098634243,0.00011840149818453938,0.06791006028652191,0.0010083743836730719,0.0056565748527646065
R2,-0.0633270572608553,0.330935006388676,0.3438574753167881,-0.03408815529831788,0.2789160078579125,0.4961706042911942,0.6447745810305194,0.32975210019341017,0.4866893700964696,0.9980403919022435,0.016702972454996412,0.19175436038573634,0.6012527191902951
