,Температура_dinam_fact,Лимфоциты#_dinam_fact,АСТ_dinam_fact,ЧСС_dinam_fact,ЧДД_dinam_fact,Билирубин общий_dinam_fact,MPV- Средн.объем тромбоцитов_dinam_fact,PCT- Тромбокрит_dinam_fact,Лимфоциты%_dinam_fact,снижение_сознания_dinam_fact,Cтепень тяжести по КТ_dinam_fact,Лактатдегидрогеназа_dinam_fact,PDW- Индекс расп.по объему тр._dinam_fact
MSE,0.002295801183208823,0.00018803369312081486,0.00032594785443507135,0.007608273532241583,0.00020714128913823515,0.001535487943328917,0.004950358532369137,0.006988735403865576,0.007752842269837856,0.0009615963790565729,0.06227635592222214,0.0010006887605413795,0.004843831527978182
R2,0.02204875556783492,0.918529593030738,0.13137647852034262,0.2865449073991213,0.17043262324044817,0.2952444193515513,0.7111703129170599,0.4569010299187617,0.5455402054489832,0.9798471941220281,0.25127002778099694,-0.0422902372064653,0.7023952126482205
