,Температура_dinam_fact,Лимфоциты#_dinam_fact,АСТ_dinam_fact,ЧСС_dinam_fact,ЧДД_dinam_fact,Билирубин общий_dinam_fact,MPV- Средн.объем тромбоцитов_dinam_fact,PCT- Тромбокрит_dinam_fact,Лимфоциты%_dinam_fact,снижение_сознания_dinam_fact,Cтепень тяжести по КТ_dinam_fact,Лактатдегидрогеназа_dinam_fact,PDW- Индекс расп.по объему тр._dinam_fact
MSE,0.0015812211204320192,0.0007619207608513534,0.00034408990177325904,0.009463135153055191,0.000483226147480309,0.0013592467876151204,0.005105653777718544,0.0074677723459899426,0.010183428414165974,0.00015363501734100282,0.07323043793439865,0.0006711988244205713,0.004039938561618328
R2,-0.041955296722107294,0.7242784323086144,0.397101664061165,-0.12134684265808038,0.1238766648184616,0.461854293381328,0.6484157829421731,0.2983886355373191,0.47841890450390867,0.9969048405118841,0.014383100860638098,0.2660350398942257,0.6972617456692681
