,Температура_dinam_fact,Лимфоциты#_dinam_fact,АСТ_dinam_fact,ЧСС_dinam_fact,ЧДД_dinam_fact,Билирубин общий_dinam_fact,MPV- Средн.объем тромбоцитов_dinam_fact,PCT- Тромбокрит_dinam_fact,Лимфоциты%_dinam_fact,снижение_сознания_dinam_fact,Cтепень тяжести по КТ_dinam_fact,Лактатдегидрогеназа_dinam_fact,PDW- Индекс расп.по объему тр._dinam_fact
MSE,0.00222822860814631,0.00031642892281524837,0.0003530433459673077,0.0072679887525737286,0.00016331858932971954,0.0008645115303806961,0.004034746438264847,0.00866877194494009,0.009098964743316174,0.0010917956242337823,0.0727141723036766,0.0009708084398880601,0.0038061379455029964
R2,0.04518817449403012,0.9133897448685228,0.33652103308486236,0.020416287199166883,0.37866827528723024,0.45096544542254324,0.7513254770422932,0.377915272870456,0.5255903117594545,0.9824532793287751,0.11088124722417969,0.22830840464006585,0.7483123917473113
