,Температура_dinam_fact,Лимфоциты#_dinam_fact,АСТ_dinam_fact,ЧСС_dinam_fact,ЧДД_dinam_fact,Билирубин общий_dinam_fact,MPV- Средн.объем тромбоцитов_dinam_fact,PCT- Тромбокрит_dinam_fact,Лимфоциты%_dinam_fact,снижение_сознания_dinam_fact,Cтепень тяжести по КТ_dinam_fact,Лактатдегидрогеназа_dinam_fact,PDW- Индекс расп.по объему тр._dinam_fact
MSE,0.0016297635156661272,0.00014478873345069587,0.00040709663880988955,0.010448158718645573,0.00019732891814783216,0.00081436283653602,0.006105189211666584,0.008180602453649044,0.009682600386440754,9.972332190955058e-05,0.07580689340829849,0.0010980090592056513,0.00515129417181015
R2,-0.14134058389098159,0.924148826207301,0.17004800696991762,0.027962301472587714,0.1893575785652526,0.2462199114227871,0.6440515330149865,0.31413184820371176,0.4031119057860558,0.9982186133160772,0.028071192809048573,0.08898268229329154,0.6204819536050323
