,Температура_dinam_fact,Лимфоциты#_dinam_fact,АСТ_dinam_fact,ЧСС_dinam_fact,ЧДД_dinam_fact,Билирубин общий_dinam_fact,MPV- Средн.объем тромбоцитов_dinam_fact,PCT- Тромбокрит_dinam_fact,Лимфоциты%_dinam_fact,снижение_сознания_dinam_fact,Cтепень тяжести по КТ_dinam_fact,Лактатдегидрогеназа_dinam_fact,PDW- Индекс расп.по объему тр._dinam_fact
MSE,0.0021403068444664363,3.743542886905833e-05,0.00805425811990346,0.024281674435231857,0.5029545960202445,0.009495449524728593,0.005352871685480362,0.01579282888098582,0.009008967053594028,331.1933217857495,0.058816651138153736,0.006258734007191494,0.00713999994349465
R2,0.7517549957268173,0.995090261366359,0.13768421506703077,0.24874831830428645,-60.869972318611694,0.7969358199314085,0.7845583066640893,0.5114689302305402,0.5295394957102084,-4569.3523261547425,0.32303897703479545,0.8528376156127254,0.8969494535118377
