,Температура_dinam_fact,Лимфоциты#_dinam_fact,АСТ_dinam_fact,ЧСС_dinam_fact,ЧДД_dinam_fact,Билирубин общий_dinam_fact,MPV- Средн.объем тромбоцитов_dinam_fact,PCT- Тромбокрит_dinam_fact,Лимфоциты%_dinam_fact,снижение_сознания_dinam_fact,Cтепень тяжести по КТ_dinam_fact,Лактатдегидрогеназа_dinam_fact,PDW- Индекс расп.по объему тр._dinam_fact
MSE,0.0020598263945430517,0.007782037369906902,0.0005259579629637301,0.013463279232382774,0.0002718233736231923,0.0020935251377522945,0.008224706165492535,0.006498262286186218,0.00904492661356926,0.0011377263581380248,0.031168056651949883,0.0008212521788664162,0.010235193185508251
R2,-0.6674349274592435,0.17698823749764092,0.27595075407980085,-0.2255246215773523,0.03794541201550361,-0.008983658084543045,0.3159518318501491,-0.01959352381002355,0.49936908183678985,0.9876082226236247,-0.04777485333327802,-0.04816018838993119,0.06652239306087282
