,Температура_dinam_fact,Лимфоциты#_dinam_fact,АСТ_dinam_fact,ЧСС_dinam_fact,ЧДД_dinam_fact,Билирубин общий_dinam_fact,MPV- Средн.объем тромбоцитов_dinam_fact,PCT- Тромбокрит_dinam_fact,Лимфоциты%_dinam_fact,снижение_сознания_dinam_fact,Cтепень тяжести по КТ_dinam_fact,Лактатдегидрогеназа_dinam_fact,PDW- Индекс расп.по объему тр._dinam_fact
MSE,0.0017238191794604063,0.003551316214725375,0.00041420714114792645,0.015107535757124424,0.0003046868077944964,0.0015145362121984363,0.005301310680806637,0.00622795382514596,0.007208542432636023,0.0007339406874962151,0.03155224397778511,0.0006462396704591811,0.004183507990092039
R2,-0.39543700850561603,0.6244203657660823,0.4297904547586048,-0.3751965216527122,-0.07836702914414095,0.27006259946286004,0.5590903664386695,0.02281853222912522,0.6010118703871815,0.9920061358476652,-0.060690162221621824,0.17520752111771243,0.6184526208924446
