,Температура_dinam_fact,Лимфоциты#_dinam_fact,АСТ_dinam_fact,ЧСС_dinam_fact,ЧДД_dinam_fact,Билирубин общий_dinam_fact,MPV- Средн.объем тромбоцитов_dinam_fact,PCT- Тромбокрит_dinam_fact,Лимфоциты%_dinam_fact,снижение_сознания_dinam_fact,Cтепень тяжести по КТ_dinam_fact,Лактатдегидрогеназа_dinam_fact,PDW- Индекс расп.по объему тр._dinam_fact
MSE,0.0015139696188271046,0.002089601941406727,0.000486579054268077,0.012802902609109879,0.0002691105764824897,0.0019621977116912603,0.0035804309882223606,0.005468953400850296,0.006990848574787378,0.0004831107216887176,0.03536185622215271,0.0012411052593961358,0.00439303508028388
R2,-0.22556310177628713,0.7790081321464739,0.3301612032039244,-0.1654126679664487,0.047546745673989976,0.05430984973114705,0.7022158464351351,0.14190734716168385,0.6130610304216253,0.9947381019342645,-0.18875755237778402,-0.5840164515157025,0.5993432788930817
