,Температура_dinam_fact,Лимфоциты#_dinam_fact,АСТ_dinam_fact,ЧСС_dinam_fact,ЧДД_dinam_fact,Билирубин общий_dinam_fact,MPV- Средн.объем тромбоцитов_dinam_fact,PCT- Тромбокрит_dinam_fact,Лимфоциты%_dinam_fact,снижение_сознания_dinam_fact,Cтепень тяжести по КТ_dinam_fact,Лактатдегидрогеназа_dinam_fact,PDW- Индекс расп.по объему тр._dinam_fact
MSE,0.0012665464309975505,0.0013206149451434612,0.0004399804165586829,0.013057312928140163,0.00022913164866622537,0.001844160258769989,0.003346222685649991,0.005416097119450569,0.007342635188251734,0.0012133294949308038,0.03197656571865082,0.0005818566423840821,0.0038093598559498787
R2,-0.025273119330476046,0.8603345715498882,0.3943100331820476,-0.18857090399584076,0.1890427392657753,0.11119868176480141,0.7216949096260676,0.15020078186942643,0.593589771282899,0.9867847751470891,-0.07495440210237758,0.25737919129441933,0.6525760144808366
