,Температура_dinam_fact,Лимфоциты#_dinam_fact,АСТ_dinam_fact,ЧСС_dinam_fact,ЧДД_dinam_fact,Билирубин общий_dinam_fact,MPV- Средн.объем тромбоцитов_dinam_fact,PCT- Тромбокрит_dinam_fact,Лимфоциты%_dinam_fact,снижение_сознания_dinam_fact,Cтепень тяжести по КТ_dinam_fact,Лактатдегидрогеназа_dinam_fact,PDW- Индекс расп.по объему тр._dinam_fact
MSE,0.0015269852010533214,0.0006940152961760759,0.00021962709433864802,0.012929669581353664,0.00019011697440873832,0.0032869523856788874,0.0034242451656609774,0.0061988215893507,0.006766332313418388,0.0007660489645786583,0.03300211578607559,0.0006282535614445806,0.004359860438853502
R2,-0.23609883683980026,0.926602429077484,0.6976548963717331,-0.17695177084405578,0.32712593936390855,-0.584161743297233,0.7152058355567068,0.027389340538907625,0.6254878120855762,0.9916564240217531,-0.10943026766644204,0.1981629287366996,0.6023688862966422
