,Температура_dinam_fact,Лимфоциты#_dinam_fact,АСТ_dinam_fact,ЧСС_dinam_fact,ЧДД_dinam_fact,Билирубин общий_dinam_fact,MPV- Средн.объем тромбоцитов_dinam_fact,PCT- Тромбокрит_dinam_fact,Лимфоциты%_dinam_fact,снижение_сознания_dinam_fact,Cтепень тяжести по КТ_dinam_fact,Лактатдегидрогеназа_dinam_fact,PDW- Индекс расп.по объему тр._dinam_fact
MSE,0.0018939797300845385,0.0040994794107973576,0.0005035774665884674,0.014650345779955387,0.00033676132443360984,0.0015722570242360234,0.004609990399330854,0.006568473763763905,0.00891804788261652,0.00044542740215547383,0.03347216919064522,0.0010876253945752978,0.004211877007037401
R2,-0.5331822301828668,0.5664477197414177,0.3067606836104668,-0.3335802609721801,-0.19188688196496617,0.24224367331722074,0.6165875354274953,-0.03060981186043432,0.5063917618548275,0.9951485355717288,-0.12523199192070855,-0.38813074261425773,0.6158653478831677
