,Температура_dinam_fact,Лимфоциты#_dinam_fact,АСТ_dinam_fact,ЧСС_dinam_fact,ЧДД_dinam_fact,Билирубин общий_dinam_fact,MPV- Средн.объем тромбоцитов_dinam_fact,PCT- Тромбокрит_dinam_fact,Лимфоциты%_dinam_fact,снижение_сознания_dinam_fact,Cтепень тяжести по КТ_dinam_fact,Лактатдегидрогеназа_dinam_fact,PDW- Индекс расп.по объему тр._dinam_fact
MSE,0.0012665136018767953,0.00931340642273426,0.0006272186292335391,0.01232335064560175,0.000285689951851964,0.0021745862904936075,0.009117776528000832,0.0072977542877197266,0.01115085557103157,0.0037169484421610832,0.031547028571367264,0.0006628892733715475,0.005834141280502081
R2,-0.025246343210086897,0.015033975966819657,0.13655266118414988,-0.12176050435329389,-0.011132113870914173,-0.04805171721839119,0.24167517807072358,-0.14503601919616327,0.3828073068546175,0.9595161056576058,-0.06051464469583845,0.1539577120346658,0.4679104577166917
