,Температура_dinam_fact,Лимфоциты#_dinam_fact,АСТ_dinam_fact,ЧСС_dinam_fact,ЧДД_dinam_fact,Билирубин общий_dinam_fact,MPV- Средн.объем тромбоцитов_dinam_fact,PCT- Тромбокрит_dinam_fact,Лимфоциты%_dinam_fact,снижение_сознания_dinam_fact,Cтепень тяжести по КТ_dinam_fact,Лактатдегидрогеназа_dinam_fact,PDW- Индекс расп.по объему тр._dinam_fact
MSE,0.00798874858279897,0.00010901266908016289,0.0029165735199523945,0.014933453734248392,0.07384745861965124,0.003614590486822715,0.004271797380181235,0.009542894375550044,0.00728530223458263,0.00466951644509368,0.05506646065095072,0.0024811859439064616,0.008378723816610329
R2,0.27302188770749136,0.9695209063645143,0.08374704578080017,0.04625906140643299,-25.489653747129967,0.542981290539255,0.8086502558951357,0.49594482027121045,0.6836917464050863,0.9326916574749108,0.18151906689996833,0.1799269945489509,0.8587411110429235
