,Температура_dinam_fact,Лимфоциты#_dinam_fact,АСТ_dinam_fact,ЧСС_dinam_fact,ЧДД_dinam_fact,Билирубин общий_dinam_fact,MPV- Средн.объем тромбоцитов_dinam_fact,PCT- Тромбокрит_dinam_fact,Лимфоциты%_dinam_fact,снижение_сознания_dinam_fact,Cтепень тяжести по КТ_dinam_fact,Лактатдегидрогеназа_dinam_fact,PDW- Индекс расп.по объему тр._dinam_fact
MSE,0.0014160388382151723,0.00041810484253801405,0.00044532743049785495,0.008201448246836662,0.0004922337830066681,0.0014994759112596512,0.0071023497730493546,0.008661125786602497,0.010354066267609596,0.005185919348150492,0.07080032676458359,0.0007146280258893967,0.00656700087711215
R2,-0.04133557754789141,-10.36608268896759,-0.9336841000811895,-0.02672316252503104,0.08591146950308515,-0.48708013894503766,0.553137344671315,0.23094820190395626,0.262583544388833,0.9081888829038354,-0.0012765100483125291,-0.12066166791564958,0.4949840412915877
