,Температура_dinam_fact,Лимфоциты#_dinam_fact,АСТ_dinam_fact,ЧСС_dinam_fact,ЧДД_dinam_fact,Билирубин общий_dinam_fact,MPV- Средн.объем тромбоцитов_dinam_fact,PCT- Тромбокрит_dinam_fact,Лимфоциты%_dinam_fact,снижение_сознания_dinam_fact,Cтепень тяжести по КТ_dinam_fact,Лактатдегидрогеназа_dinam_fact,PDW- Индекс расп.по объему тр._dinam_fact
MSE,0.001473592477850616,0.000349171255948022,0.0008287253440357745,0.008152985945343971,0.0005008781445212662,0.0016577753704041243,0.006824515759944916,0.009898951277136803,0.011151387356221676,0.005266956053674221,0.07240335643291473,0.0007806885987520218,0.005922987591475248
R2,-0.08365979349796682,-8.492134048072899,-2.5984583119295794,-0.02065659451493085,0.06985860301409819,-0.6440703579715541,0.5706182181663146,0.12103745484006523,0.20579812922345286,0.9067541224620722,-0.02394744557080264,-0.22425623984751475,0.5445100237152039
