,Температура_dinam_fact,Лимфоциты#_dinam_fact,АСТ_dinam_fact,ЧСС_dinam_fact,ЧДД_dinam_fact,Билирубин общий_dinam_fact,MPV- Средн.объем тромбоцитов_dinam_fact,PCT- Тромбокрит_dinam_fact,Лимфоциты%_dinam_fact,снижение_сознания_dinam_fact,Cтепень тяжести по КТ_dinam_fact,Лактатдегидрогеназа_dinam_fact,PDW- Индекс расп.по объему тр._dinam_fact
MSE,0.0023757575545459986,0.00019680795958265662,0.000156452035298571,0.008462989702820778,0.00014669641677755862,0.0015279853250831366,0.005410596262663603,0.009507865644991398,0.010903598740696907,0.0050239162519574165,0.06811757385730743,0.0007525849505327642,0.005398322828114033
R2,0.010549591611243803,0.5210536981250671,0.30040560273389183,-0.0008220477221192457,0.34424130086302496,0.3024682803489108,0.6522614097672816,0.2568573987504269,0.41558269226388755,0.8996979177655159,0.025678793211440842,0.1429600741285565,0.5793899923998836
