,Температура_dinam_fact,Лимфоциты#_dinam_fact,АСТ_dinam_fact,ЧСС_dinam_fact,ЧДД_dinam_fact,Билирубин общий_dinam_fact,MPV- Средн.объем тромбоцитов_dinam_fact,PCT- Тромбокрит_dinam_fact,Лимфоциты%_dinam_fact,снижение_сознания_dinam_fact,Cтепень тяжести по КТ_dinam_fact,Лактатдегидрогеназа_dinam_fact,PDW- Индекс расп.по объему тр._dinam_fact
MSE,0.0023945097345858812,0.00021699538046959788,0.00017236106214113533,0.008848017081618309,0.0001653307263040915,0.001512319897301495,0.00579849211499095,0.009179911576211452,0.011013653129339218,0.00541973952203989,0.07040159404277802,0.0008045659051276743,0.00508533651009202
R2,0.002740268282693803,0.4719262168144637,0.22926651841341972,-0.04635469591539998,0.26094243689156926,0.3096192874211835,0.6273314649459043,0.2824900330723924,0.4096840267524612,0.8917952798277092,-0.006990860800053067,0.08376478017422961,0.6037760842364559
