,Температура_dinam_fact,Лимфоциты#_dinam_fact,АСТ_dinam_fact,ЧСС_dinam_fact,ЧДД_dinam_fact,Билирубин общий_dinam_fact,MPV- Средн.объем тромбоцитов_dinam_fact,PCT- Тромбокрит_dinam_fact,Лимфоциты%_dinam_fact,снижение_сознания_dinam_fact,Cтепень тяжести по КТ_dinam_fact,Лактатдегидрогеназа_dinam_fact,PDW- Индекс расп.по объему тр._dinam_fact
MSE,0.0027456756215542555,0.00017614482203498483,0.0002800149959512055,0.008711433969438076,0.0002237464941572398,0.00149108178447932,0.005753031931817532,0.009760554879903793,0.0117560513317585,0.004899911116808653,0.06779491156339645,0.0008802085649222136,0.004587198607623577
R2,-0.14351327689362225,0.5713388466037049,-0.25212151355599177,-0.030203083241053807,-0.00018659798310483033,0.3193144129344756,0.6302532112218178,0.2371068048709608,0.369892687209896,0.9021736330373981,0.030294347957256607,-0.0023770094692876498,0.6425885155722428
