,Температура_dinam_fact,Лимфоциты#_dinam_fact,АСТ_dinam_fact,ЧСС_dinam_fact,ЧДД_dinam_fact,Билирубин общий_dinam_fact,MPV- Средн.объем тромбоцитов_dinam_fact,PCT- Тромбокрит_dinam_fact,Лимфоциты%_dinam_fact,снижение_сознания_dinam_fact,Cтепень тяжести по КТ_dinam_fact,Лактатдегидрогеназа_dinam_fact,PDW- Индекс расп.по объему тр._dinam_fact
MSE,0.002445773920044303,0.0001453011209378019,0.0002299401385243982,0.008447567000985146,0.000165344012202695,0.0013193542836233974,0.005606410559266806,0.009291606023907661,0.010955620557069778,0.005097273271530867,0.06771507859230042,0.0007978482753969729,0.004724316764622927
R2,-0.018610244243605578,0.6463992673950525,-0.02820498526688442,0.0010012692837625403,0.260883777948407,0.39770898884943684,0.6396763002889725,0.27376008440443245,0.4127943716948991,0.8982332910430604,0.0314366557458724,0.09141417000942376,0.6319050614746253
