,Температура_dinam_fact,Лимфоциты#_dinam_fact,АСТ_dinam_fact,ЧСС_dinam_fact,ЧДД_dinam_fact,Билирубин общий_dinam_fact,MPV- Средн.объем тромбоцитов_dinam_fact,PCT- Тромбокрит_dinam_fact,Лимфоциты%_dinam_fact,снижение_сознания_dinam_fact,Cтепень тяжести по КТ_dinam_fact,Лактатдегидрогеназа_dinam_fact,PDW- Индекс расп.по объему тр._dinam_fact
MSE,0.0024446723982691765,0.0002124169113812968,0.00015351267938967794,0.008560270071029663,0.0001913142914418131,0.0013977161142975092,0.005750000011175871,0.009133963845670223,0.011094312183558941,0.005541855935007334,0.0679318979382515,0.0007918864139355719,0.005176838021725416
R2,-0.018151711563417328,0.4830683137262145,0.3135491799070981,-0.01232648471794362,0.14479193323310613,0.3619366414317253,0.6304482233329493,0.28608180139564265,0.40536097677735705,0.8893572943871411,0.028334613713161927,0.09820305014627051,0.5966468078887459
