,Температура_dinam_fact,Лимфоциты#_dinam_fact,АСТ_dinam_fact,ЧСС_dinam_fact,ЧДД_dinam_fact,Билирубин общий_dinam_fact,MPV- Средн.объем тромбоцитов_dinam_fact,PCT- Тромбокрит_dinam_fact,Лимфоциты%_dinam_fact,снижение_сознания_dinam_fact,Cтепень тяжести по КТ_dinam_fact,Лактатдегидрогеназа_dinam_fact,PDW- Индекс расп.по объему тр._dinam_fact
MSE,0.001672993297688663,0.0011488666059449315,0.0005945575539954007,0.01077342964708805,0.00039343908429145813,0.0014241195749491453,0.008589986711740494,0.006218325346708298,0.011774159967899323,0.016152897849678993,0.03981746360659599,0.0012515500420704484,0.007358605042099953
R2,-0.272121247417505,-1.3320196369027104,-1.0222233198537016,-0.06269335947917831,-1.0394031809067994,-0.4073063977648923,0.26710166096367716,0.02355675502359278,0.322712388608947,0.8065485726081595,-0.07023578945279918,-1.6486495519991178,0.3375274474420541
