,Температура_dinam_fact,Лимфоциты#_dinam_fact,АСТ_dinam_fact,ЧСС_dinam_fact,ЧДД_dinam_fact,Билирубин общий_dinam_fact,MPV- Средн.объем тромбоцитов_dinam_fact,PCT- Тромбокрит_dinam_fact,Лимфоциты%_dinam_fact,снижение_сознания_dinam_fact,Cтепень тяжести по КТ_dinam_fact,Лактатдегидрогеназа_dinam_fact,PDW- Индекс расп.по объему тр._dinam_fact
MSE,0.001834810129366815,0.0008911300101317465,0.001909724553115666,0.011416461318731308,0.0006103242048993707,0.004013024736195803,0.011001789942383766,0.006189476698637009,0.011380579322576523,0.015333091840147972,0.03904734551906586,0.001772480085492134,0.005685961339622736
R2,-0.39516462061490465,-0.8088544319999054,-5.495399890615133,-0.1261222690569097,-2.16363349332507,-2.9656485815558082,0.06132617876446589,0.028086810910793347,0.3453522186596185,0.8163668534506828,-0.04953606920789855,-2.7510906884735635,0.4881106421035708
