,Температура_dinam_fact,Лимфоциты#_dinam_fact,АСТ_dinam_fact,ЧСС_dinam_fact,ЧДД_dinam_fact,Билирубин общий_dinam_fact,MPV- Средн.объем тромбоцитов_dinam_fact,PCT- Тромбокрит_dinam_fact,Лимфоциты%_dinam_fact,снижение_сознания_dinam_fact,Cтепень тяжести по КТ_dinam_fact,Лактатдегидрогеназа_dinam_fact,PDW- Индекс расп.по объему тр._dinam_fact
MSE,0.0014142529107630253,0.0009733416954986751,0.0005627500358968973,0.01028719823807478,0.00015244465612340719,0.0011455526109784842,0.01009267196059227,0.00617349473759532,0.014982831664383411,0.01416060421615839,0.03926092013716698,0.0009269776055589318,0.009130491875112057
R2,-0.07537863283600976,-0.9757316316419531,-0.9140394995003287,-0.014731632901514358,0.20979842330519138,-0.13202832896480832,0.1388924642068292,0.030596410959800036,0.13813903167756125,0.8304088851552889,-0.055276479002327905,-0.9617581422878736,0.17800998603506668
