,Температура_dinam_fact,Лимфоциты#_dinam_fact,АСТ_dinam_fact,ЧСС_dinam_fact,ЧДД_dinam_fact,Билирубин общий_dinam_fact,MPV- Средн.объем тромбоцитов_dinam_fact,PCT- Тромбокрит_dinam_fact,Лимфоциты%_dinam_fact,снижение_сознания_dinam_fact,Cтепень тяжести по КТ_dinam_fact,Лактатдегидрогеназа_dinam_fact,PDW- Индекс расп.по объему тр._dinam_fact
MSE,0.0013391781831160188,0.0006725572748109698,0.0002879817911889404,0.010326171293854713,9.932755347108468e-05,0.0011393565218895674,0.010517851449549198,0.006403625477105379,0.01128305308520794,0.015274644829332829,0.038487233221530914,0.0004358106234576553,0.009722006507217884
R2,-0.018292916432368855,-0.36518588894976767,0.020509322920722495,-0.018575962983641947,0.4851326186264755,-0.12590557952353487,0.1026159843941038,-0.005540059016806431,0.35096242890310214,0.8170667950491244,-0.034480996397031394,0.0776961082856874,0.12475780686989535
