,Температура_dinam_fact,Лимфоциты#_dinam_fact,АСТ_dinam_fact,ЧСС_dinam_fact,ЧДД_dinam_fact,Билирубин общий_dinam_fact,MPV- Средн.объем тромбоцитов_dinam_fact,PCT- Тромбокрит_dinam_fact,Лимфоциты%_dinam_fact,снижение_сознания_dinam_fact,Cтепень тяжести по КТ_dinam_fact,Лактатдегидрогеназа_dinam_fact,PDW- Индекс расп.по объему тр._dinam_fact
MSE,0.0018783585401251912,0.00039745058165863156,0.00016838063311297446,0.01096769142895937,0.0001230300113093108,0.0007028995314612985,0.005102284252643585,0.00558635126799345,0.008811424486339092,0.012124876491725445,0.03971193730831146,0.0003413014055695385,0.005723316688090563
R2,-0.4282780312282457,0.19323758722739304,0.427299741375342,-0.08185575249410415,0.3622702493247414,0.30539877592597064,0.5646727080082894,0.12279357372434341,0.49313831929457563,0.8547893059367064,-0.06739934691509819,0.27770547102954457,0.48474754802014275
