,Температура_dinam_fact,Лимфоциты#_dinam_fact,АСТ_dinam_fact,ЧСС_dinam_fact,ЧДД_dinam_fact,Билирубин общий_dinam_fact,MPV- Средн.объем тромбоцитов_dinam_fact,PCT- Тромбокрит_dinam_fact,Лимфоциты%_dinam_fact,снижение_сознания_dinam_fact,Cтепень тяжести по КТ_dinam_fact,Лактатдегидрогеназа_dinam_fact,PDW- Индекс расп.по объему тр._dinam_fact
MSE,0.0013222299749031663,0.0007587866275571287,0.00017870070587377995,0.010640821419656277,8.099174738163128e-05,0.0011349988635629416,0.011356735602021217,0.006300981156527996,0.015436588786542416,0.012925791554152966,0.03858724609017372,0.00039043277502059937,0.010132457129657269
R2,-0.005405632434868801,-0.5402186897442702,0.39219889834607935,-0.049612886558113134,0.580176853497608,-0.12159909200289198,0.03104229559668381,0.010577586036484399,0.11203740053027023,0.845197249507303,-0.0371693017759227,0.17372895323619886,0.08780629675403617
