,Температура_dinam_fact,Лимфоциты#_dinam_fact,АСТ_dinam_fact,ЧСС_dinam_fact,ЧДД_dinam_fact,Билирубин общий_dinam_fact,MPV- Средн.объем тромбоцитов_dinam_fact,PCT- Тромбокрит_dinam_fact,Лимфоциты%_dinam_fact,снижение_сознания_dinam_fact,Cтепень тяжести по КТ_dinam_fact,Лактатдегидрогеназа_dinam_fact,PDW- Индекс расп.по объему тр._dinam_fact
MSE,0.0017909770831465721,0.0003496910212561488,0.00023912197502795607,0.010774784721434116,0.00032523274421691895,0.0007279082201421261,0.006053111515939236,0.005662844050675631,0.010795747861266136,0.0136210136115551,0.03829735517501831,0.001118841697461903,0.005431539844721556
R2,-0.36183445666532355,0.2901818676629315,0.18669250809421545,-0.06282737402172889,-0.6858534815276693,0.28068538148929656,0.48354793111640126,0.11078223766190842,0.3789936490795892,0.8368710932842583,-0.02937722516253971,-1.3677996903622534,0.5110152996438626
