,Температура_dinam_fact,Лимфоциты#_dinam_fact,АСТ_dinam_fact,ЧСС_dinam_fact,ЧДД_dinam_fact,Билирубин общий_dinam_fact,MPV- Средн.объем тромбоцитов_dinam_fact,PCT- Тромбокрит_dinam_fact,Лимфоциты%_dinam_fact,снижение_сознания_dinam_fact,Cтепень тяжести по КТ_dinam_fact,Лактатдегидрогеназа_dinam_fact,PDW- Индекс расп.по объему тр._dinam_fact
MSE,0.006519904642190626,9.91329330745151e-05,0.008251632155635558,0.00858086722093802,0.002352397915232093,0.0014831050718060682,0.005501259301150436,0.013468727330094658,0.006229385908712874,0.005766214483911495,0.07190937744234117,0.004804118965635761,0.006195656884129213
R2,0.15063508562131556,0.9652104980766207,-0.003913994782575481,0.5812787059924611,0.4972800821578418,0.7991347621806464,0.8151722220715174,0.4610426271258806,0.6963883952250001,0.9069462338470744,0.15853051896932535,0.34494978925325503,0.8506030671882793
