,Температура_dinam_fact,Лимфоциты#_dinam_fact,АСТ_dinam_fact,ЧСС_dinam_fact,ЧДД_dinam_fact,Билирубин общий_dinam_fact,MPV- Средн.объем тромбоцитов_dinam_fact,PCT- Тромбокрит_dinam_fact,Лимфоциты%_dinam_fact,снижение_сознания_dinam_fact,Cтепень тяжести по КТ_dinam_fact,Лактатдегидрогеназа_dinam_fact,PDW- Индекс расп.по объему тр._dinam_fact
MSE,0.0018998276209458709,0.0006180776399560273,0.0003312669286970049,0.007669814862310886,0.0003142489877063781,0.0012956740101799369,0.008460840210318565,0.008024281822144985,0.010743634775280952,0.014786751940846443,0.06039789319038391,0.000594290264416486,0.006072198040783405
R2,-0.2897506391928,-18.547484461185086,-0.0813693758741385,0.01250782991756172,-0.2705993270420297,0.06065123371615455,0.42412025681904497,0.21181247594442465,0.3841905145729272,0.7891616569206955,-0.09509593434645836,-0.10867075710331764,0.535222467812828
