,Температура_dinam_fact,Лимфоциты#_dinam_fact,АСТ_dinam_fact,ЧСС_dinam_fact,ЧДД_dinam_fact,Билирубин общий_dinam_fact,MPV- Средн.объем тромбоцитов_dinam_fact,PCT- Тромбокрит_dinam_fact,Лимфоциты%_dinam_fact,снижение_сознания_dinam_fact,Cтепень тяжести по КТ_dinam_fact,Лактатдегидрогеназа_dinam_fact,PDW- Индекс расп.по объему тр._dinam_fact
MSE,0.002582205692306161,0.000559018284548074,0.0008176135015673935,0.0094249676913023,0.0004007339011877775,0.004390326328575611,0.007251408416777849,0.008125842548906803,0.009295081719756126,0.0010818456066772342,0.06491047888994217,0.0021685175597667694,0.0068422956392169
R2,-0.39634170723984496,-7.6155660895965624,-0.16340356305536652,-0.08693287222343171,-0.5936016872561185,-0.18301955688898652,0.4644123329285784,0.1399711015063403,0.3711054974357255,0.9719469193578947,0.009106582769399352,-0.031460371915907004,0.5056750950980047
