,Температура_dinam_fact,Лимфоциты#_dinam_fact,АСТ_dinam_fact,ЧСС_dinam_fact,ЧДД_dinam_fact,Билирубин общий_dinam_fact,MPV- Средн.объем тромбоцитов_dinam_fact,PCT- Тромбокрит_dinam_fact,Лимфоциты%_dinam_fact,снижение_сознания_dinam_fact,Cтепень тяжести по КТ_dinam_fact,Лактатдегидрогеназа_dinam_fact,PDW- Индекс расп.по объему тр._dinam_fact
MSE,0.0020784297958016396,0.0003313761262688786,0.0007420530891977251,0.009017415344715118,0.00024109394871629775,0.0033192995470017195,0.005788755603134632,0.006614379119127989,0.006810395512729883,0.0002976029645651579,0.06598854809999466,0.002007977105677128,0.004371216986328363
R2,-0.12392220408542154,-4.107153650321831,-0.055886726896601235,-0.039932158759483194,0.04124014891259831,0.10557982230229179,0.5724436911340691,0.29994248955025704,0.5392164460029722,0.9922829313523382,-0.007350778186738127,0.04490065332468429,0.684199309516146
