,Температура_dinam_fact,Лимфоциты#_dinam_fact,АСТ_dinam_fact,ЧСС_dinam_fact,ЧДД_dinam_fact,Билирубин общий_dinam_fact,MPV- Средн.объем тромбоцитов_dinam_fact,PCT- Тромбокрит_dinam_fact,Лимфоциты%_dinam_fact,снижение_сознания_dinam_fact,Cтепень тяжести по КТ_dinam_fact,Лактатдегидрогеназа_dinam_fact,PDW- Индекс расп.по объему тр._dinam_fact
MSE,0.0015501577872782946,0.00043370589264668524,0.00017070351168513298,0.010977300815284252,0.00015551142860203981,0.0016775450203567743,0.0045388382859528065,0.004105310421437025,0.00883143488317728,0.013173943385481834,0.055959515273571014,0.00037541682831943035,0.005095021333545446
R2,-0.04592329705797682,-2.7494602208587002,0.5950238380563542,-0.02758272618000568,0.39017403449773835,-0.059511391447980566,0.6511947064630614,0.4497875638175327,0.41710492226489193,0.7590171670426793,-0.01892247258706803,0.4081601222469823,0.6059701515421947
