,Температура_dinam_fact,Лимфоциты#_dinam_fact,АСТ_dinam_fact,ЧСС_dinam_fact,ЧДД_dinam_fact,Билирубин общий_dinam_fact,MPV- Средн.объем тромбоцитов_dinam_fact,PCT- Тромбокрит_dinam_fact,Лимфоциты%_dinam_fact,снижение_сознания_dinam_fact,Cтепень тяжести по КТ_dinam_fact,Лактатдегидрогеназа_dinam_fact,PDW- Индекс расп.по объему тр._dinam_fact
MSE,0.0015233414014801383,0.00014607340563088655,0.0003336157533340156,0.011038554832339287,0.00019659394456539303,0.0015384117141366005,0.004932689014822245,0.004890285898000002,0.009114861488342285,0.013417400419712067,0.055517904460430145,0.0003606555692385882,0.004994665738195181
R2,-0.027830508311359914,-0.26282915639318016,0.20853200643132763,-0.03331671245832046,0.22907224007707128,0.02836338172441677,0.6209275723784402,0.34458139783341146,0.3983983332071842,0.7545637640570798,-0.010881797845865293,0.4314311039549964,0.6137312251986071
