,Температура_dinam_fact,Лимфоциты#_dinam_fact,АСТ_dinam_fact,ЧСС_dinam_fact,ЧДД_dinam_fact,Билирубин общий_dinam_fact,MPV- Средн.объем тромбоцитов_dinam_fact,PCT- Тромбокрит_dinam_fact,Лимфоциты%_dinam_fact,снижение_сознания_dinam_fact,Cтепень тяжести по КТ_dinam_fact,Лактатдегидрогеназа_dinam_fact,PDW- Индекс расп.по объему тр._dinam_fact
MSE,0.0015780532266944647,8.644913759781048e-05,0.00016670976765453815,0.011033390648663044,0.00033587441430427134,0.001584373414516449,0.004649254027754068,0.004367855843156576,0.008613443933427334,0.013503124006092548,0.0559917576611042,0.0004216992820147425,0.005183009896427393
R2,-0.06474621430737049,0.2526324318846175,0.6044985851295516,-0.03283291125246479,-0.3171053796052208,-0.0006655103529056294,0.6427094228506322,0.4145997626946064,0.4314930143607387,0.7529957481572894,-0.01950963499427316,0.33519657715773854,0.5991654067283707
