,Температура_dinam_fact,Лимфоциты#_dinam_fact,АСТ_dinam_fact,ЧСС_dinam_fact,ЧДД_dinam_fact,Билирубин общий_dinam_fact,MPV- Средн.объем тромбоцитов_dinam_fact,PCT- Тромбокрит_dinam_fact,Лимфоциты%_dinam_fact,снижение_сознания_dinam_fact,Cтепень тяжести по КТ_dinam_fact,Лактатдегидрогеназа_dinam_fact,PDW- Индекс расп.по объему тр._dinam_fact
MSE,0.0018803972052410245,0.000306916976114735,0.0003727026341948658,0.007699186913669109,0.0002593760727904737,0.0008921051630750299,0.006685808300971985,0.006551909260451794,0.009638821706175804,0.013403541408479214,0.05709975212812424,0.0007374925189651549,0.004557694774121046
R2,-0.27655947463025354,-8.706634273355718,-0.21662973215682513,0.00872576542353165,-0.048732016260108146,0.3532340989724786,0.5449363575926436,0.3564365992895947,0.447516510275878,0.8088842976806135,-0.03529639572960175,-0.37581977241077635,0.6511453387681003
