,Температура_dinam_fact,Лимфоциты#_dinam_fact,АСТ_dinam_fact,ЧСС_dinam_fact,ЧДД_dinam_fact,Билирубин общий_dinam_fact,MPV- Средн.объем тромбоцитов_dinam_fact,PCT- Тромбокрит_dinam_fact,Лимфоциты%_dinam_fact,снижение_сознания_dinam_fact,Cтепень тяжести по КТ_dinam_fact,Лактатдегидрогеназа_dinam_fact,PDW- Индекс расп.по объему тр._dinam_fact
MSE,0.0017155647510662675,0.0003454582765698433,0.000526989926584065,0.007530925329774618,0.00027727929409593344,0.000989218126051128,0.0072733075357973576,0.007033355534076691,0.009593583643436432,0.013757591135799885,0.05783313512802124,0.00048071338096633554,0.004663316998630762
R2,-0.16465868354415747,-9.925552382054237,-0.7202759729359227,0.03038982839417914,-0.12111984097675688,0.28282817120830694,0.5049487201982633,0.3091466234007809,0.4501094470881485,0.8038360519770548,-0.04859347587868457,0.10321141026179503,0.643060964771101
