,Температура_dinam_fact,Лимфоциты#_dinam_fact,АСТ_dinam_fact,ЧСС_dinam_fact,ЧДД_dinam_fact,Билирубин общий_dinam_fact,MPV- Средн.объем тромбоцитов_dinam_fact,PCT- Тромбокрит_dinam_fact,Лимфоциты%_dinam_fact,снижение_сознания_dinam_fact,Cтепень тяжести по КТ_dinam_fact,Лактатдегидрогеназа_dinam_fact,PDW- Индекс расп.по объему тр._dinam_fact
MSE,0.0018971796380355954,5.0251885113539174e-05,0.0006807362660765648,0.0083915451541543,0.00018832915520761162,0.0032750165555626154,0.00592768145725131,0.006124922540038824,0.0066091143526136875,0.0006419504643417895,0.06490466743707657,0.0020026774145662785,0.0041834330186247826
R2,-0.025910468471527892,0.22551976955918906,0.031362456632686886,0.03224647426713856,0.2510700197628004,0.11751234924245035,0.5621825711590365,0.3517457946867566,0.5528351335858588,0.983353745689715,0.009195346474181854,0.04742150626889419,0.6977659086212618
