,Температура_dinam_fact,Лимфоциты#_dinam_fact,АСТ_dinam_fact,ЧСС_dinam_fact,ЧДД_dinam_fact,Билирубин общий_dinam_fact,MPV- Средн.объем тромбоцитов_dinam_fact,PCT- Тромбокрит_dinam_fact,Лимфоциты%_dinam_fact,снижение_сознания_dinam_fact,Cтепень тяжести по КТ_dinam_fact,Лактатдегидрогеназа_dinam_fact,PDW- Индекс расп.по объему тр._dinam_fact
MSE,0.0018936785636469722,0.0001531993184471503,0.0006993011338636279,0.008987823501229286,0.00024212196876760572,0.0032922925893217325,0.005949431098997593,0.0066583543084561825,0.006694913376122713,0.0001164871355285868,0.064683698117733,0.0019925348460674286,0.004946351982653141
R2,-0.024016688142325826,-1.361102443620652,0.004945944978037908,-0.03651945663515832,0.037151487760808455,0.11285693079252501,0.5605762518991431,0.2952885004698409,0.5470299852460261,0.9969794009199183,0.012567946359174686,0.05224600225582965,0.6426485189036837
