,Температура_dinam_fact,Лимфоциты#_dinam_fact,АСТ_dinam_fact,ЧСС_dinam_fact,ЧДД_dinam_fact,Билирубин общий_dinam_fact,MPV- Средн.объем тромбоцитов_dinam_fact,PCT- Тромбокрит_dinam_fact,Лимфоциты%_dinam_fact,снижение_сознания_dinam_fact,Cтепень тяжести по КТ_dinam_fact,Лактатдегидрогеназа_dinam_fact,PDW- Индекс расп.по объему тр._dinam_fact
MSE,0.0018265082035213709,6.0419843066483736e-05,0.0006200553034432232,0.008977110497653484,0.00021797783847432584,0.0035607130266726017,0.005797244142740965,0.005505721550434828,0.006604378577321768,0.0002959513512905687,0.0657413974404335,0.0019938936457037926,0.0049897595308721066
R2,0.012305670899406818,0.06881150637427769,0.11770702942815003,-0.035283543733990674,0.13316584800163733,0.0405282553191445,0.5718167699663017,0.417281320749024,0.553155443274697,0.99232575783138,-0.0035781283094267202,0.051599512108071344,0.6395124003200732
