,Температура_dinam_fact,Лимфоциты#_dinam_fact,АСТ_dinam_fact,ЧСС_dinam_fact,ЧДД_dinam_fact,Билирубин общий_dinam_fact,MPV- Средн.объем тромбоцитов_dinam_fact,PCT- Тромбокрит_dinam_fact,Лимфоциты%_dinam_fact,снижение_сознания_dinam_fact,Cтепень тяжести по КТ_dinam_fact,Лактатдегидрогеназа_dinam_fact,PDW- Индекс расп.по объему тр._dinam_fact
MSE,0.001806419575586915,0.00012255171895958483,0.0003208998532500118,0.007931669242680073,0.0001819464669097215,0.0011372861918061972,0.008415075950324535,0.006149498280137777,0.009484678506851196,0.01661594584584236,0.061383992433547974,0.0005319114425219595,0.0056383381597697735
R2,-0.2263377572631402,-2.8758523209871827,-0.04752793187933624,-0.021206417793272703,0.2643381416714814,0.17548082318803826,0.4272352175554872,0.3959636349569089,0.45635206181694854,0.7630799082173524,-0.11297508314826787,0.007699668055678233,0.5684310541634388
