,Температура_dinam_fact,Лимфоциты#_dinam_fact,АСТ_dinam_fact,ЧСС_dinam_fact,ЧДД_dinam_fact,Билирубин общий_dinam_fact,MPV- Средн.объем тромбоцитов_dinam_fact,PCT- Тромбокрит_dinam_fact,Лимфоциты%_dinam_fact,снижение_сознания_dinam_fact,Cтепень тяжести по КТ_dinam_fact,Лактатдегидрогеназа_dinam_fact,PDW- Индекс расп.по объему тр._dinam_fact
MSE,0.0020044611301273108,5.114516170579009e-05,0.0007475953316316009,0.008596629835665226,0.00020346566452644765,0.003331238403916359,0.0059334891848266125,0.006146067287772894,0.0069146230816841125,0.00010771585948532447,0.06450031697750092,0.0020138558465987444,0.0038897579070180655
R2,-0.08392308196697273,0.21175254102160812,-0.06377328504354352,0.008595214829503095,0.19087670300370208,0.10236282269651453,0.5617535877691489,0.3495082006153999,0.5321644607993363,0.9972068471688316,0.015367847145943192,0.04210441070520332,0.718982699185754
