,Температура_dinam_fact,Лимфоциты#_dinam_fact,АСТ_dinam_fact,ЧСС_dinam_fact,ЧДД_dinam_fact,Билирубин общий_dinam_fact,MPV- Средн.объем тромбоцитов_dinam_fact,PCT- Тромбокрит_dinam_fact,Лимфоциты%_dinam_fact,снижение_сознания_dinam_fact,Cтепень тяжести по КТ_dinam_fact,Лактатдегидрогеназа_dinam_fact,PDW- Индекс расп.по объему тр._dinam_fact
MSE,0.0018343530828133225,0.0002691780391614884,0.00032988909515552223,0.008011138066649437,0.0002116043324349448,0.0009161945781670511,0.007359426934272051,0.006737650837749243,0.0092718955129385,0.013398035429418087,0.057519588619470596,0.0004765959456562996,0.004563690163195133
R2,-0.245301262487311,-7.513093275604124,-0.0768713700540744,-0.03143814350451235,0.1444229317276341,0.3357695672698092,0.4990869722624831,0.33819216251452144,0.4685482532826236,0.8089627599615421,-0.04290898887232508,0.11089263626687129,0.6506865031027772
