,Температура_dinam_fact,Лимфоциты#_dinam_fact,АСТ_dinam_fact,ЧСС_dinam_fact,ЧДД_dinam_fact,Билирубин общий_dinam_fact,MPV- Средн.объем тромбоцитов_dinam_fact,PCT- Тромбокрит_dinam_fact,Лимфоциты%_dinam_fact,снижение_сознания_dinam_fact,Cтепень тяжести по КТ_dinam_fact,Лактатдегидрогеназа_dinam_fact,PDW- Индекс расп.по объему тр._dinam_fact
MSE,0.0018491025548428297,0.0002313154109288007,0.00023389233683701605,0.00779196759685874,0.0002178822469431907,0.0008809281280264258,0.007813425734639168,0.0068054539151489735,0.009207806549966335,0.013572119176387787,0.05764337256550789,0.0004780059971380979,0.004444437567144632
R2,-0.25531449178337184,-6.315638483620071,0.23649508343332848,-0.0032196355546980637,0.11903946139193222,0.36133747059792165,0.46818601186835274,0.3315319394165649,0.472221665199536,0.8064806162530243,-0.045153011686765776,0.10826219495508316,0.6598144066062224
