,Температура_dinam_fact,Лимфоциты#_dinam_fact,АСТ_dinam_fact,ЧСС_dinam_fact,ЧДД_dinam_fact,Билирубин общий_dinam_fact,MPV- Средн.объем тромбоцитов_dinam_fact,PCT- Тромбокрит_dinam_fact,Лимфоциты%_dinam_fact,снижение_сознания_dinam_fact,Cтепень тяжести по КТ_dinam_fact,Лактатдегидрогеназа_dinam_fact,PDW- Индекс расп.по объему тр._dinam_fact
MSE,0.0019301222637295723,0.00039116264088079333,0.0010047225514426827,0.008657065220177174,0.0003312867193017155,0.0038828926626592875,0.00810260884463787,0.008952385745942593,0.010802687145769596,0.0015941992169246078,0.06525107473134995,0.0021531034726649523,0.008245006203651428
R2,-0.04372384659422113,-5.028583689467935,-0.4296463708808578,0.0016251638708105753,-0.3174297842107381,-0.04628616329626123,0.4015429333173762,0.05249089616592284,0.2691027876547941,0.9586612208166931,0.003906917336468307,-0.024129055434673585,0.4043355627818759
