,Температура_dinam_fact,Лимфоциты#_dinam_fact,АСТ_dinam_fact,ЧСС_dinam_fact,ЧДД_dinam_fact,Билирубин общий_dinam_fact,MPV- Средн.объем тромбоцитов_dinam_fact,PCT- Тромбокрит_dinam_fact,Лимфоциты%_dinam_fact,снижение_сознания_dinam_fact,Cтепень тяжести по КТ_dinam_fact,Лактатдегидрогеназа_dinam_fact,PDW- Индекс расп.по объему тр._dinam_fact
MSE,0.0027604445349425077,0.0004917109035886824,0.00402975594624877,0.013022569008171558,0.0005846335552632809,0.0015654762974008918,0.005660583730787039,0.00826097372919321,0.01034547295421362,0.01872551068663597,0.0550244115293026,0.0038679454009979963,0.005803009960800409
R2,-0.1654236929945907,-4.339856024767968,0.11147545691093008,-0.17711319514761437,-0.13249889921016123,0.06480305749790771,0.5806356379889895,0.18442986031210673,0.30070650669102583,0.6574658304198429,-0.16736207061065977,0.06903779416611222,0.5454961137200167
