,Температура_dinam_fact,Лимфоциты#_dinam_fact,АСТ_dinam_fact,ЧСС_dinam_fact,ЧДД_dinam_fact,Билирубин общий_dinam_fact,MPV- Средн.объем тромбоцитов_dinam_fact,PCT- Тромбокрит_dinam_fact,Лимфоциты%_dinam_fact,снижение_сознания_dinam_fact,Cтепень тяжести по КТ_dinam_fact,Лактатдегидрогеназа_dinam_fact,PDW- Индекс расп.по объему тр._dinam_fact
MSE,0.001507640932686627,0.001362918526865542,0.00021775442291982472,0.013438260182738304,0.0005233041592873633,0.0010141488164663315,0.006205081008374691,0.005885155405849218,0.007295539136976004,0.00941256433725357,0.061044443398714066,0.0005081017734482884,0.004512115381658077
R2,-0.4181323917916744,0.6612454552749875,0.08450703128160897,-0.08616792087362968,-1.4592040867280294,-0.05899786515711836,0.5971135477896392,0.2964312722561425,0.5961250739375201,0.8393589140320168,-0.0012312318601397365,-0.03030519909945051,0.6004141533091758
