,Температура_dinam_fact,Лимфоциты#_dinam_fact,АСТ_dinam_fact,ЧСС_dinam_fact,ЧДД_dinam_fact,Билирубин общий_dinam_fact,MPV- Средн.объем тромбоцитов_dinam_fact,PCT- Тромбокрит_dinam_fact,Лимфоциты%_dinam_fact,снижение_сознания_dinam_fact,Cтепень тяжести по КТ_dinam_fact,Лактатдегидрогеназа_dinam_fact,PDW- Индекс расп.по объему тр._dinam_fact
MSE,0.0025395010598003864,8.88447611941956e-05,0.004794816020876169,0.013136135414242744,0.00041945851990021765,0.001888638362288475,0.0054434239864349365,0.00756582198664546,0.010431268252432346,0.018765857443213463,0.05921417102217674,0.0038772360421717167,0.0057844012044370174
R2,-0.07214422688708733,0.03516859907020853,-0.05721350945424053,-0.18737891397013073,0.18746295622072107,-0.1282499504072523,0.5967236751768521,0.2530593273578603,0.29490733008867787,0.6567278056493288,-0.25624972964730275,0.06680176424043838,0.5469536154777539
