,Температура_dinam_fact,Лимфоциты#_dinam_fact,АСТ_dinam_fact,ЧСС_dinam_fact,ЧДД_dinam_fact,Билирубин общий_dinam_fact,MPV- Средн.объем тромбоцитов_dinam_fact,PCT- Тромбокрит_dinam_fact,Лимфоциты%_dinam_fact,снижение_сознания_dinam_fact,Cтепень тяжести по КТ_dinam_fact,Лактатдегидрогеназа_dinam_fact,PDW- Индекс расп.по объему тр._dinam_fact
MSE,0.0018919240683317184,0.0013489255215972662,0.0001570181193528697,0.008859924040734768,0.00021625752560794353,0.0020836549811065197,0.007472480647265911,0.008464735932648182,0.00965666864067316,0.008013877086341381,0.059785835444927216,0.0005762916407547891,0.005995024926960468
R2,-0.15312756253758453,0.8245365869206529,0.4492626294685713,0.004991186476614784,0.06415206095334625,-0.02954653636754978,0.5305029414605106,0.31489521384558605,0.5812430320777855,0.8400035167072091,-0.03127967143252519,0.19140666364082892,0.5515773980357765
