,Температура_dinam_fact,Лимфоциты#_dinam_fact,АСТ_dinam_fact,ЧСС_dinam_fact,ЧДД_dinam_fact,Билирубин общий_dinam_fact,MPV- Средн.объем тромбоцитов_dinam_fact,PCT- Тромбокрит_dinam_fact,Лимфоциты%_dinam_fact,снижение_сознания_dinam_fact,Cтепень тяжести по КТ_dinam_fact,Лактатдегидрогеназа_dinam_fact,PDW- Индекс расп.по объему тр._dinam_fact
MSE,0.0025152661837637424,0.0004020852211397141,0.0010172853944823146,0.008475235663354397,0.0001954517065314576,0.0016324786702170968,0.008454851806163788,0.009772364981472492,0.012004366144537926,0.005080344621092081,0.06951992213726044,0.0007713642553426325,0.005166361574083567
R2,-0.04755225609732738,0.02149710084374079,-3.548915535567872,-0.002270198823920655,0.12629684310379874,0.2547663583148727,0.4566076888948457,0.23618360350017797,0.3565835366658504,0.8985713058637366,0.005620884197820697,0.12157402196789513,0.5974629201448549
