,Температура_dinam_fact,Лимфоциты#_dinam_fact,АСТ_dinam_fact,ЧСС_dinam_fact,ЧДД_dinam_fact,Билирубин общий_dinam_fact,MPV- Средн.объем тромбоцитов_dinam_fact,PCT- Тромбокрит_dinam_fact,Лимфоциты%_dinam_fact,снижение_сознания_dinam_fact,Cтепень тяжести по КТ_dinam_fact,Лактатдегидрогеназа_dinam_fact,PDW- Индекс расп.по объему тр._dinam_fact
MSE,0.004964886663740638,6.665303951817149e-05,0.001513301209047229,0.014853273959820182,0.5610319966958539,0.004988883811893245,0.004757432452579796,0.007960520277021321,0.0067189378771766225,0.0047822688198702,0.059168929161361926,0.00847498627964208,0.008926607492112
R2,0.2593284614372553,0.9736491953318713,0.18162645950158662,0.03345464769381856,-83.01580377832096,0.3879253003983191,0.8066881904919962,0.5356447228365662,0.6439458426127112,0.8993206540007016,0.18616515828392943,0.10810232475878534,0.8404335627122214
