,Температура_dinam_fact,Лимфоциты#_dinam_fact,АСТ_dinam_fact,ЧСС_dinam_fact,ЧДД_dinam_fact,Билирубин общий_dinam_fact,MPV- Средн.объем тромбоцитов_dinam_fact,PCT- Тромбокрит_dinam_fact,Лимфоциты%_dinam_fact,снижение_сознания_dinam_fact,Cтепень тяжести по КТ_dinam_fact,Лактатдегидрогеназа_dinam_fact,PDW- Индекс расп.по объему тр._dinam_fact
MSE,0.0023945989087224007,0.00014180821017362177,0.00027230617706663907,0.008661564439535141,0.00015676477050874382,0.001397474785335362,0.0054314639419317245,0.008987514302134514,0.012393505312502384,0.0047980076633393764,0.07005257904529572,0.0008069194154813886,0.004682839382439852
R2,0.00270330860864032,0.6548994858195403,-0.2176508260693628,-0.02430539007497101,0.29923381252868064,0.36204644009125786,0.6509204707823314,0.2975285831141786,0.3357260467362235,0.9042081259564586,-0.0019985434150702197,0.08108393606535513,0.6351367121522712
