,Температура_dinam_fact,Лимфоциты#_dinam_fact,АСТ_dinam_fact,ЧСС_dinam_fact,ЧДД_dinam_fact,Билирубин общий_dinam_fact,MPV- Средн.объем тромбоцитов_dinam_fact,PCT- Тромбокрит_dinam_fact,Лимфоциты%_dinam_fact,снижение_сознания_dinam_fact,Cтепень тяжести по КТ_dinam_fact,Лактатдегидрогеназа_dinam_fact,PDW- Индекс расп.по объему тр._dinam_fact
MSE,0.0014774741139262915,0.00045952355139888823,0.0002707767707761377,0.008202184922993183,0.0005486816517077386,0.0013396558351814747,0.006871508434414864,0.008590500801801682,0.009871488437056541,0.005259059835225344,0.07358798384666443,0.0007615108625032008,0.005842822138220072
R2,-0.08651446543888142,-11.492039906429923,-0.17575620044622897,-0.026815808115317807,-0.01891344974801834,-0.32858125758448664,0.5676614627132839,0.237219685063776,0.2969526080422302,0.9068939497213192,-0.0406996882601498,-0.19418252536987968,0.5506748883574222
