,Температура_dinam_fact,Лимфоциты#_dinam_fact,АСТ_dinam_fact,ЧСС_dinam_fact,ЧДД_dinam_fact,Билирубин общий_dinam_fact,MPV- Средн.объем тромбоцитов_dinam_fact,PCT- Тромбокрит_dinam_fact,Лимфоциты%_dinam_fact,снижение_сознания_dinam_fact,Cтепень тяжести по КТ_dinam_fact,Лактатдегидрогеназа_dinam_fact,PDW- Индекс расп.по объему тр._dinam_fact
MSE,0.0026904994156211615,0.0002446531143505126,0.0002158217685064301,0.008366543799638748,0.0001471145951654762,0.0013484942028298974,0.005637623835355043,0.009045363403856754,0.01085442490875721,0.005269255023449659,0.06926225870847702,0.0007910277927294374,0.005175475496798754
R2,-0.12053290466714062,0.4046190819788196,0.034927094028864625,0.010583256968491495,0.3423716484349132,0.3844063659572061,0.637670344167403,0.293006752457348,0.418218371581926,0.8947997402966351,0.00930632719863389,0.0991810985059185,0.5967531396188747
