,Температура_dinam_fact,Лимфоциты#_dinam_fact,АСТ_dinam_fact,ЧСС_dinam_fact,ЧДД_dinam_fact,Билирубин общий_dinam_fact,MPV- Средн.объем тромбоцитов_dinam_fact,PCT- Тромбокрит_dinam_fact,Лимфоциты%_dinam_fact,снижение_сознания_dinam_fact,Cтепень тяжести по КТ_dinam_fact,Лактатдегидрогеназа_dinam_fact,PDW- Индекс расп.по объему тр._dinam_fact
MSE,0.001392456004396081,0.00013441737974062562,0.0002083864383166656,0.007972711697220802,0.00048256912850774825,0.0011310450499877334,0.006643072236329317,0.008190777152776718,0.011452832259237766,0.005086452700197697,0.07776235044002533,0.0006107552326284349,0.005484101828187704
R2,-0.02399292232575556,-2.6541034474271337,0.09515258290975359,0.001911787444604407,0.10385898523340698,-0.12169377174831597,0.5820340569413059,0.27271247828156253,0.18432894471366512,0.909949753571965,-0.09973499047451706,0.04222924036569842,0.5782612988256652
