,Температура_dinam_fact,Лимфоциты#_dinam_fact,АСТ_dinam_fact,ЧСС_dinam_fact,ЧДД_dinam_fact,Билирубин общий_dinam_fact,MPV- Средн.объем тромбоцитов_dinam_fact,PCT- Тромбокрит_dinam_fact,Лимфоциты%_dinam_fact,снижение_сознания_dinam_fact,Cтепень тяжести по КТ_dinam_fact,Лактатдегидрогеназа_dinam_fact,PDW- Индекс расп.по объему тр._dinam_fact
MSE,0.0017194381216540933,0.00039447081508114934,0.0002397072676103562,0.008478355593979359,0.0005063831922598183,0.001255227136425674,0.006725544109940529,0.008176391944289207,0.009886817075312138,0.005482809618115425,0.07431358844041824,0.000614352582488209,0.005798946600407362
R2,-0.2644521474968142,-9.723596500307288,-0.040847388217637226,-0.06138812244317604,0.05963530847861109,-0.24484993034203573,0.5768449866997762,0.27398966157940263,0.29586082323870677,0.9029326736080812,-0.05096188307282046,0.03658747064864387,0.5540489951489616
