,Температура_dinam_fact,Лимфоциты#_dinam_fact,АСТ_dinam_fact,ЧСС_dinam_fact,ЧДД_dinam_fact,Билирубин общий_dinam_fact,MPV- Средн.объем тромбоцитов_dinam_fact,PCT- Тромбокрит_dinam_fact,Лимфоциты%_dinam_fact,снижение_сознания_dinam_fact,Cтепень тяжести по КТ_dinam_fact,Лактатдегидрогеназа_dinam_fact,PDW- Индекс расп.по объему тр._dinam_fact
MSE,0.002888283459469676,0.00020422422676347196,0.000170076236827299,0.008470628410577774,0.00016099886852316558,0.0017488268204033375,0.006046708207577467,0.009934990666806698,0.01109294593334198,0.005024699028581381,0.06728759407997131,0.0007344967452809215,0.004842851776629686
R2,-0.2029055946899594,0.5030057132223205,0.2394829668725944,-0.0017255057757150638,0.28030701193818075,0.20165298943634302,0.6113788206030708,0.22347298071968003,0.4054339505462282,0.8996821743780847,0.037550271652898704,0.16355868922125072,0.6226693872194426
