,Температура_dinam_fact,Лимфоциты#_dinam_fact,АСТ_dinam_fact,ЧСС_dinam_fact,ЧДД_dinam_fact,Билирубин общий_dinam_fact,MPV- Средн.объем тромбоцитов_dinam_fact,PCT- Тромбокрит_dinam_fact,Лимфоциты%_dinam_fact,снижение_сознания_dinam_fact,Cтепень тяжести по КТ_dinam_fact,Лактатдегидрогеназа_dinam_fact,PDW- Индекс расп.по объему тр._dinam_fact
MSE,0.002435480710119009,0.00014028060832060874,0.00038581775152124465,0.008778976276516914,0.00016345259791705757,0.0014068438904359937,0.005438039544969797,0.009496093727648258,0.011086215265095234,0.004876532591879368,0.06770680844783783,0.0009629444102756679,0.004614755045622587
R2,-0.014323542974436831,0.6586168618763257,-0.7252306467000351,-0.03819061593220474,0.2693380721166787,0.3577695503509378,0.6504979653424856,0.2577774844038633,0.40579526106674924,0.9026403544577704,0.03155420926560304,-0.09659693547823478,0.6404415947845785
