,Температура_dinam_fact,Лимфоциты#_dinam_fact,АСТ_dinam_fact,ЧСС_dinam_fact,ЧДД_dinam_fact,Билирубин общий_dinam_fact,MPV- Средн.объем тромбоцитов_dinam_fact,PCT- Тромбокрит_dinam_fact,Лимфоциты%_dinam_fact,снижение_сознания_dinam_fact,Cтепень тяжести по КТ_dinam_fact,Лактатдегидрогеназа_dinam_fact,PDW- Индекс расп.по объему тр._dinam_fact
MSE,0.001346154953353107,0.00017345993546769023,0.00029924322734586895,0.008134734816849232,0.0005390006699599326,0.0011074135545641184,0.007023349404335022,0.007853499613702297,0.011132942512631416,0.005052526481449604,0.07288433611392975,0.0007148144068196416,0.00555505370721221
R2,0.010056223780917528,-3.7154668240780024,-0.29936168238838534,-0.018371274403361282,-0.000935732318270599,-0.09825889826194856,0.558108084112906,0.3026606264763596,0.20711179108217093,0.9105503027871886,-0.030749394066902802,-0.12095385714773244,0.5728051844717773
