,Температура_dinam_fact,Лимфоциты#_dinam_fact,АСТ_dinam_fact,ЧСС_dinam_fact,ЧДД_dinam_fact,Билирубин общий_dinam_fact,MPV- Средн.объем тромбоцитов_dinam_fact,PCT- Тромбокрит_dinam_fact,Лимфоциты%_dinam_fact,снижение_сознания_dinam_fact,Cтепень тяжести по КТ_dinam_fact,Лактатдегидрогеназа_dinam_fact,PDW- Индекс расп.по объему тр._dinam_fact
MSE,0.0015357150696218014,0.000321352097671479,0.0002709458349272609,0.00842205248773098,0.0005641253083012998,0.0009735844214446843,0.006876423489302397,0.008241826668381691,0.010199225507676601,0.005923604127019644,0.06940631568431854,0.0007106611737981439,0.005830537993460894
R2,-0.12934432676987995,-7.735877512989308,-0.17649044842104344,-0.05434051403465112,-0.04759262840217526,0.03446458757080817,0.5673522729717042,0.2681793076951393,0.2736110506323435,0.8951288413962653,0.01843812943712464,-0.11444142972993254,0.5516195046007677
