,Температура_dinam_fact,Лимфоциты#_dinam_fact,АСТ_dinam_fact,ЧСС_dinam_fact,ЧДД_dinam_fact,Билирубин общий_dinam_fact,MPV- Средн.объем тромбоцитов_dinam_fact,PCT- Тромбокрит_dinam_fact,Лимфоциты%_dinam_fact,снижение_сознания_dinam_fact,Cтепень тяжести по КТ_dinam_fact,Лактатдегидрогеназа_dinam_fact,PDW- Индекс расп.по объему тр._dinam_fact
MSE,0.011051069553841436,0.0005397255565568457,0.022606822461797377,0.013489882862722161,0.014092833735048771,0.023661142503167486,0.0052818765267117285,0.012522348178302207,0.01724530925733497,0.0005144032921810704,0.07052367040168311,0.013885017442931512,0.013307476314482796
R2,0.38219070816043077,0.9702447137024107,-0.01841940412858789,0.4730706971907759,0.7277746250645561,0.5729344650010983,0.9021968626799506,0.7702170952402266,0.5472272303055408,0.995698924841378,0.26439696561115833,0.8322424797356995,0.7849320884865776
