,Температура_dinam_fact,Лимфоциты#_dinam_fact,АСТ_dinam_fact,ЧСС_dinam_fact,ЧДД_dinam_fact,Билирубин общий_dinam_fact,MPV- Средн.объем тромбоцитов_dinam_fact,PCT- Тромбокрит_dinam_fact,Лимфоциты%_dinam_fact,снижение_сознания_dinam_fact,Cтепень тяжести по КТ_dinam_fact,Лактатдегидрогеназа_dinam_fact,PDW- Индекс расп.по объему тр._dinam_fact
MSE,0.003608311992138624,0.023342473432421684,0.0008845673874020576,0.014141074381768703,0.006773476023226976,0.0032947128638625145,0.01181413047015667,0.008073561824858189,0.017101678997278214,0.08390209078788757,0.04426351562142372,0.0037138937041163445,0.01769011653959751
R2,-1.408933568061776,0.015251855584624718,-0.2611149465989804,-0.06823015808383137,-21.850275449824917,0.033659379563548364,-0.14922508210254226,-1.226264063610866,0.25306494303483906,0.509052955678531,-0.11092745102772672,-2.9502907032395775,-0.6746900562855758
