,Температура_dinam_fact,Лимфоциты#_dinam_fact,АСТ_dinam_fact,ЧСС_dinam_fact,ЧДД_dinam_fact,Билирубин общий_dinam_fact,MPV- Средн.объем тромбоцитов_dinam_fact,PCT- Тромбокрит_dinam_fact,Лимфоциты%_dinam_fact,снижение_сознания_dinam_fact,Cтепень тяжести по КТ_dinam_fact,Лактатдегидрогеназа_dinam_fact,PDW- Индекс расп.по объему тр._dinam_fact
MSE,0.0014713435666635633,0.010667430236935616,0.0008249367820098996,0.013165772892534733,0.00020790680719073862,0.003380172187462449,0.0034361944999545813,0.0022658256348222494,0.008361239917576313,0.03310668095946312,0.034335799515247345,0.0010547696147114038,0.005155467428267002
R2,0.017721201429144795,0.5499734327706018,-0.17610053345174892,0.005445083369987946,0.2986279651484035,0.008594121460470894,0.6657425056377522,0.375204342576968,0.6348134470784326,0.8062786261231771,0.1382387469995182,-0.1219080129901502,0.5119415479745432
