,Температура_dinam_fact,Лимфоциты#_dinam_fact,АСТ_dinam_fact,ЧСС_dinam_fact,ЧДД_dinam_fact,Билирубин общий_dinam_fact,MPV- Средн.объем тромбоцитов_dinam_fact,PCT- Тромбокрит_dinam_fact,Лимфоциты%_dinam_fact,снижение_сознания_dinam_fact,Cтепень тяжести по КТ_dinam_fact,Лактатдегидрогеназа_dinam_fact,PDW- Индекс расп.по объему тр._dinam_fact
MSE,0.0024179075844585896,0.0173179991543293,0.0008933339267969131,0.01774151250720024,0.0006735396455042064,0.0028614355251193047,0.006895295809954405,0.0032986255828291178,0.008300193585455418,0.028086263686418533,0.04036885127425194,0.0021462654694914818,0.00537473289296031
R2,-0.6142115280181655,0.2694062795439698,-0.27361348142001307,-0.34021054961370023,-1.2721810906147208,0.16073989903256525,0.32925684285605117,0.0904124543849486,0.6374797133775534,0.8356552410376441,-0.013178981506354326,-1.2828798985468288,0.49118413019548357
