,Температура_dinam_fact,Лимфоциты#_dinam_fact,АСТ_dinam_fact,ЧСС_dinam_fact,ЧДД_dinam_fact,Билирубин общий_dinam_fact,MPV- Средн.объем тромбоцитов_dinam_fact,PCT- Тромбокрит_dinam_fact,Лимфоциты%_dinam_fact,снижение_сознания_dinam_fact,Cтепень тяжести по КТ_dinam_fact,Лактатдегидрогеназа_dinam_fact,PDW- Индекс расп.по объему тр._dinam_fact
MSE,0.002289023483172059,0.01652725785970688,0.0012374497018754482,0.015483483672142029,0.0011348602129146457,0.0037775500677525997,0.007361356634646654,0.002876312006264925,0.009643388912081718,0.03334241732954979,0.04608486220240593,0.0019312035292387009,0.004316866397857666
R2,-0.5281673742353885,0.30276508584440975,-0.7642142208119553,-0.1696369015287602,-2.828443352483768,-0.10795689944478348,0.2839205422887836,0.2068642837686342,0.5788141559759231,0.8048992155833334,-0.15663961894188283,-1.0541288914013163,0.591330336824784
