,Температура_dinam_fact,Лимфоциты#_dinam_fact,АСТ_dinam_fact,ЧСС_dinam_fact,ЧДД_dinam_fact,Билирубин общий_dinam_fact,MPV- Средн.объем тромбоцитов_dinam_fact,PCT- Тромбокрит_dinam_fact,Лимфоциты%_dinam_fact,снижение_сознания_dinam_fact,Cтепень тяжести по КТ_dinam_fact,Лактатдегидрогеназа_dinam_fact,PDW- Индекс расп.по объему тр._dinam_fact
MSE,0.0015651623252779245,0.012603776529431343,0.001001198892481625,0.01314126793295145,0.00017951881454791874,0.002794653410091996,0.0036902211140841246,0.002415037713944912,0.005626243073493242,0.033264197409152985,0.0374038890004158,0.0013813507976010442,0.005492368713021278
R2,-0.04491283951442093,0.46828483799152887,-0.4273948393182132,0.0072962113277815765,0.3943944917831319,0.1803270960511315,0.6410320328999506,0.3340597312619792,0.7542674906242678,0.8053569331895727,0.06123570622027785,-0.469276674074929,0.4800477965533304
