,Температура_dinam_fact,Лимфоциты#_dinam_fact,АСТ_dinam_fact,ЧСС_dinam_fact,ЧДД_dinam_fact,Билирубин общий_dinam_fact,MPV- Средн.объем тромбоцитов_dinam_fact,PCT- Тромбокрит_dinam_fact,Лимфоциты%_dinam_fact,снижение_сознания_dinam_fact,Cтепень тяжести по КТ_dinam_fact,Лактатдегидрогеназа_dinam_fact,PDW- Индекс расп.по объему тр._dinam_fact
MSE,0.0020510368049144745,0.016604578122496605,0.002385606523603201,0.01546394731849432,0.0005033391644246876,0.003828768851235509,0.007577211130410433,0.0022022519260644913,0.008138339035212994,0.030742356553673744,0.031859420239925385,0.0007847701199352741,0.004842565394937992
R2,-0.3692857749031313,0.29950316162049884,-2.40112486169156,-0.168161141172664,-0.6980112413620103,-0.12297951261186224,0.26292323700032183,0.3927347408035482,0.6445488819483829,0.8201132961551016,0.20039106702300458,0.1652774459763836,0.5415634129203674
