,Температура_dinam_fact,Лимфоциты#_dinam_fact,АСТ_dinam_fact,ЧСС_dinam_fact,ЧДД_dinam_fact,Билирубин общий_dinam_fact,MPV- Средн.объем тромбоцитов_dinam_fact,PCT- Тромбокрит_dinam_fact,Лимфоциты%_dinam_fact,снижение_сознания_dinam_fact,Cтепень тяжести по КТ_dinam_fact,Лактатдегидрогеназа_dinam_fact,PDW- Индекс расп.по объему тр._dinam_fact
MSE,0.0018118040170520544,0.011391691863536835,0.001117937033995986,0.013516036793589592,0.0003219936625100672,0.003042667405679822,0.0038289418444037437,0.0026016919873654842,0.010915841907262802,0.030883867293596268,0.038744356483221054,0.001375594292767346,0.006290168035775423
R2,-0.20957258608503504,0.5194189824026834,-0.5938270219807602,-0.021013895436369667,-0.08624352245708056,0.10758444329794514,0.6275378713144346,0.2825902041657532,0.523238296126953,0.81928526194004,0.02759256589234016,-0.4631539503368409,0.4045215715284405
