,Температура_dinam_fact,Лимфоциты#_dinam_fact,АСТ_dinam_fact,ЧСС_dinam_fact,ЧДД_dinam_fact,Билирубин общий_dinam_fact,MPV- Средн.объем тромбоцитов_dinam_fact,PCT- Тромбокрит_dinam_fact,Лимфоциты%_dinam_fact,снижение_сознания_dinam_fact,Cтепень тяжести по КТ_dinam_fact,Лактатдегидрогеназа_dinam_fact,PDW- Индекс расп.по объему тр._dinam_fact
MSE,0.0025046956725418568,0.023096153512597084,0.002248429460451007,0.015745054930448532,0.00044341094326227903,0.0038590903859585524,0.009608587250113487,0.0029965187422931194,0.017711782827973366,0.03928804770112038,0.03883412480354309,0.005249634850770235,0.0070714508183300495
R2,-0.6721514588159541,0.025643105043600678,-2.20555383545493,-0.18939616155398942,-0.49584350843759606,-0.13187275802126575,0.06532016588090306,0.17371761820203646,0.22641809989064898,0.7701087983987703,0.02533974448152365,-4.583786175528373,0.330558949418129
