,Температура_dinam_fact,Лимфоциты#_dinam_fact,АСТ_dinam_fact,ЧСС_dinam_fact,ЧДД_dinam_fact,Билирубин общий_dinam_fact,MPV- Средн.объем тромбоцитов_dinam_fact,PCT- Тромбокрит_dinam_fact,Лимфоциты%_dinam_fact,снижение_сознания_dinam_fact,Cтепень тяжести по КТ_dinam_fact,Лактатдегидрогеназа_dinam_fact,PDW- Индекс расп.по объему тр._dinam_fact
MSE,0.002121379366144538,0.00046686315909028053,0.0016301102004945278,0.01237702090293169,0.0009624524391256273,0.001516125164926052,0.00929337739944458,0.006403973326086998,0.007207384333014488,0.015870004892349243,0.04510042816400528,0.0009814654476940632,0.007794580888003111
R2,-2.0284979653451507,-25.73933419430417,-2.79158052360843,-0.18091387008672832,-1.4725896901062248,-1.3409207521573068,0.17828748713376563,-0.16305708901094307,0.32388498647494257,0.8796230705537499,-0.23483523471350987,-0.19761875125458173,0.4318871375743807
