,Температура_dinam_fact,Лимфоциты#_dinam_fact,АСТ_dinam_fact,ЧСС_dinam_fact,ЧДД_dinam_fact,Билирубин общий_dinam_fact,MPV- Средн.объем тромбоцитов_dinam_fact,PCT- Тромбокрит_dinam_fact,Лимфоциты%_dinam_fact,снижение_сознания_dinam_fact,Cтепень тяжести по КТ_dinam_fact,Лактатдегидрогеназа_dinam_fact,PDW- Индекс расп.по объему тр._dinam_fact
MSE,0.0014787092804908752,0.024486437439918518,0.001069964375346899,0.014116846024990082,0.0003194031596649438,0.0031052459962666035,0.008557965978980064,0.0035434099845588207,0.018372491002082825,0.029128462076187134,0.0408332496881485,0.0009521907777525485,0.006123931147158146
R2,0.012803757884380706,-0.03300871754756707,-0.5254326859759573,-0.06639988527609875,-0.07750428760720673,0.08923003047856626,0.16751972542063076,0.022913739682054457,0.1975608377286413,0.8295568817797383,-0.02483455633523568,-0.01279965143408135,0.42025894641499195
