,Температура_dinam_fact,Лимфоциты#_dinam_fact,АСТ_dinam_fact,ЧСС_dinam_fact,ЧДД_dinam_fact,Билирубин общий_dinam_fact,MPV- Средн.объем тромбоцитов_dinam_fact,PCT- Тромбокрит_dinam_fact,Лимфоциты%_dinam_fact,снижение_сознания_dinam_fact,Cтепень тяжести по КТ_dinam_fact,Лактатдегидрогеназа_dinam_fact,PDW- Индекс расп.по объему тр._dinam_fact
MSE,0.0015833700308576226,0.013553689233958721,0.001416532089933753,0.012969033792614937,0.000310162955429405,0.003232374554499984,0.0035935849882662296,0.0027398914098739624,0.006146152503788471,0.03228515014052391,0.03737153857946396,0.0013940000208094716,0.005155565217137337
R2,-0.057068386806191196,0.42821094523638104,-1.019529715218182,0.020306942334646916,-0.04633257296330284,0.05194319779896306,0.6504323160383039,0.24448192678261593,0.7315598571254627,0.8110857516989511,0.06204775229431969,-0.4827310439600765,0.5119323644025255
