,Температура_dinam_fact,Лимфоциты#_dinam_fact,АСТ_dinam_fact,ЧСС_dinam_fact,ЧДД_dinam_fact,Билирубин общий_dinam_fact,MPV- Средн.объем тромбоцитов_dinam_fact,PCT- Тромбокрит_dinam_fact,Лимфоциты%_dinam_fact,снижение_сознания_dinam_fact,Cтепень тяжести по КТ_dinam_fact,Лактатдегидрогеназа_dinam_fact,PDW- Индекс расп.по объему тр._dinam_fact
MSE,0.0017320639453828335,0.015484713017940521,0.0007140308734960854,0.012289738282561302,0.0003121772897429764,0.0034521808847784996,0.006290119607001543,0.0031046653166413307,0.005946809891611338,0.028878791257739067,0.03367866948246956,0.00117716402746737,0.004682803992182016
R2,-0.15633748375834333,0.3467469120335428,-0.017983692011909413,0.07162154338376181,-0.053127829578539565,-0.012526060261461192,0.38812565112622266,0.14389652864285307,0.7402663966592188,0.8310178202876289,0.1547313029616465,-0.252093217909255,0.5566878456069425
