,Температура_dinam_fact,Лимфоциты#_dinam_fact,АСТ_dinam_fact,ЧСС_dinam_fact,ЧДД_dinam_fact,Билирубин общий_dinam_fact,MPV- Средн.объем тромбоцитов_dinam_fact,PCT- Тромбокрит_dinam_fact,Лимфоциты%_dinam_fact,снижение_сознания_dinam_fact,Cтепень тяжести по КТ_dinam_fact,Лактатдегидрогеназа_dinam_fact,PDW- Индекс расп.по объему тр._dinam_fact
MSE,0.010305723175406456,0.008572859689593315,0.004598742816597223,0.013769932091236115,0.009373502805829048,0.010366132482886314,0.018407363444566727,0.008643580600619316,0.012110453099012375,0.02670406922698021,0.04215031862258911,0.011061176657676697,0.012841946445405483
R2,-13.712529502018196,-490.0058581601947,-9.696517746819085,-0.3138143861063962,-23.081011178167778,-15.005468386993542,-0.6275635116168932,-0.569803356433797,-0.1360653641799423,0.7974447051408114,-0.15406222398562996,-12.497237674026474,0.06400671128995283
