,Температура_dinam_fact,Лимфоциты#_dinam_fact,АСТ_dinam_fact,ЧСС_dinam_fact,ЧДД_dinam_fact,Билирубин общий_dinam_fact,MPV- Средн.объем тромбоцитов_dinam_fact,PCT- Тромбокрит_dinam_fact,Лимфоциты%_dinam_fact,снижение_сознания_dinam_fact,Cтепень тяжести по КТ_dinam_fact,Лактатдегидрогеназа_dinam_fact,PDW- Индекс расп.по объему тр._dinam_fact
MSE,0.0020538195967674255,0.02873576618731022,0.0058591836132109165,0.014641922898590565,0.0017165993340313435,0.004241422284394503,0.011894885450601578,0.008441929705440998,0.02575320191681385,0.10503852367401123,0.0479327067732811,0.0028424125630408525,0.00848330371081829
R2,-0.3711438461795582,-0.21227511324861092,-7.353353095551434,-0.10606454970809298,-4.790936579076179,-0.24401092894651,-0.15708029747833363,-1.3278406457928718,-0.1248000761096848,0.3853746620246342,-0.20301693360363315,-2.0233381794694885,0.19690147684175907
