,Температура_dinam_fact,Лимфоциты#_dinam_fact,АСТ_dinam_fact,ЧСС_dinam_fact,ЧДД_dinam_fact,Билирубин общий_dinam_fact,MPV- Средн.объем тромбоцитов_dinam_fact,PCT- Тромбокрит_dinam_fact,Лимфоциты%_dinam_fact,снижение_сознания_dinam_fact,Cтепень тяжести по КТ_dinam_fact,Лактатдегидрогеназа_dinam_fact,PDW- Индекс расп.по объему тр._dinam_fact
MSE,0.0034500265028327703,0.0035821571946144104,0.0014365428360179067,0.01544288732111454,0.0010663820430636406,0.002257992047816515,0.0047531696036458015,0.008587920106947422,0.02172204479575157,0.0035028138663619757,0.046830229461193085,0.001962105045095086,0.004760428797453642
R2,-2.062796091410848,-89.61874544881297,-3.173485532086639,-0.19161819990840345,-4.201578666261449,-2.2707680720350276,0.1995790520045324,-0.6662306779657041,-0.7366018966774979,0.9587714749575049,-0.7656168794971412,-3.4315964258959646,0.619487432491276
