,Температура_dinam_fact,Лимфоциты#_dinam_fact,АСТ_dinam_fact,ЧСС_dinam_fact,ЧДД_dinam_fact,Билирубин общий_dinam_fact,MPV- Средн.объем тромбоцитов_dinam_fact,PCT- Тромбокрит_dinam_fact,Лимфоциты%_dinam_fact,снижение_сознания_dinam_fact,Cтепень тяжести по КТ_dinam_fact,Лактатдегидрогеназа_dinam_fact,PDW- Индекс расп.по объему тр._dinam_fact
MSE,0.0038084667176008224,0.0036412968765944242,0.001976479310542345,0.015081040561199188,0.0023570721969008446,0.003360855160281062,0.007308472413569689,0.007231722120195627,0.01797664724290371,0.002568283351138234,0.031869739294052124,0.0021658246405422688,0.003408382646739483
R2,-2.3810046820411728,-91.11481833946169,-4.7421238017369305,-0.16369712647190382,-10.497283747420042,-3.8682971770319154,-0.23072719718812795,-0.4031007354044889,-0.4371706867291272,0.9697710123382213,-0.2015688753031386,-3.8917152066669347,0.7275597623438665
