,Температура_dinam_fact,Лимфоциты#_dinam_fact,АСТ_dinam_fact,ЧСС_dinam_fact,ЧДД_dinam_fact,Билирубин общий_dinam_fact,MPV- Средн.объем тромбоцитов_dinam_fact,PCT- Тромбокрит_dinam_fact,Лимфоциты%_dinam_fact,снижение_сознания_dinam_fact,Cтепень тяжести по КТ_dinam_fact,Лактатдегидрогеназа_dinam_fact,PDW- Индекс расп.по объему тр._dinam_fact
MSE,0.0030192837584763765,0.005053589586168528,0.004760450217872858,0.017305059358477592,0.005960019305348396,0.003806081600487232,0.007764708716422319,0.010154716670513153,0.01753811724483967,0.002200985560193658,0.056248120963573456,0.003994416911154985,0.005528931971639395
R2,-1.6803993860409294,-126.84193820770281,-12.830197170918549,-0.3353088558044168,-28.071676106737193,-4.513220996883927,-0.30755617586558337,-0.9702211691144798,-0.4021114439324791,0.9740941433493108,-1.1206949515634799,-8.021760569683325,0.558059139615541
