,Температура_dinam_fact,Лимфоциты#_dinam_fact,АСТ_dinam_fact,ЧСС_dinam_fact,ЧДД_dinam_fact,Билирубин общий_dinam_fact,MPV- Средн.объем тромбоцитов_dinam_fact,PCT- Тромбокрит_dinam_fact,Лимфоциты%_dinam_fact,снижение_сознания_dinam_fact,Cтепень тяжести по КТ_dinam_fact,Лактатдегидрогеназа_dinam_fact,PDW- Индекс расп.по объему тр._dinam_fact
MSE,0.0015522283501923084,7.857914170017466e-05,0.00027111812960356474,0.010039698332548141,0.00016108740237541497,0.011693039909005165,0.006223146338015795,0.004994309041649103,0.009776799008250237,0.03298746049404144,0.05948299169540405,0.0006509771337732673,0.005379829555749893
R2,0.028628872131456262,0.8379421717564638,0.04236305877079982,0.019748180088602907,0.3262935964309951,0.13826640623133524,0.399631836786589,0.21960691538205535,0.45673169263984414,0.48078273661201343,0.0017415496879977788,0.17210894724397996,0.5715625876370273
