,Температура_dinam_fact,Лимфоциты#_dinam_fact,АСТ_dinam_fact,ЧСС_dinam_fact,ЧДД_dinam_fact,Билирубин общий_dinam_fact,MPV- Средн.объем тромбоцитов_dinam_fact,PCT- Тромбокрит_dinam_fact,Лимфоциты%_dinam_fact,снижение_сознания_dinam_fact,Cтепень тяжести по КТ_dinam_fact,Лактатдегидрогеназа_dinam_fact,PDW- Индекс расп.по объему тр._dinam_fact
MSE,0.0030170180834829807,0.0008140593999996781,0.0003758585953619331,0.010831188410520554,0.0009672528249211609,0.013529887422919273,0.006814137566834688,0.005624061916023493,0.013153275474905968,0.035160429775714874,0.06324123591184616,0.0011386075057089329,0.006635141558945179
R2,-0.8880241528729358,-0.6788762529537218,-0.3275984762977222,-0.05753120477814044,-3.045284489535506,0.002897936523295175,0.3426166772583522,0.12120411368126549,0.26911080509716,0.4465804863308558,-0.06132978333088901,-0.4480430941136262,0.47159241131260654
