,Температура_dinam_fact,Лимфоциты#_dinam_fact,АСТ_dinam_fact,ЧСС_dinam_fact,ЧДД_dinam_fact,Билирубин общий_dinam_fact,MPV- Средн.объем тромбоцитов_dinam_fact,PCT- Тромбокрит_dinam_fact,Лимфоциты%_dinam_fact,снижение_сознания_dinam_fact,Cтепень тяжести по КТ_dinam_fact,Лактатдегидрогеназа_dinam_fact,PDW- Индекс расп.по объему тр._dinam_fact
MSE,0.0016839437885209918,0.0006193744484335184,0.000442938762716949,0.011393108405172825,0.0005239047459326684,0.011462142691016197,0.009230225346982479,0.0060412208549678326,0.013037418946623802,0.033530913293361664,0.05840696394443512,0.0009458514396101236,0.008059831336140633
R2,-0.053797497427214624,-0.2773679490605927,-0.5645372027286553,-0.11239583076891901,-1.1910958971375667,0.15528307617758097,0.10952866195738309,0.0560205363089572,0.27554870191265324,0.47222885544451565,0.01979961408447095,-0.2029025251728176,0.3581332835249117
