,Температура_dinam_fact,Лимфоциты#_dinam_fact,АСТ_dinam_fact,ЧСС_dinam_fact,ЧДД_dinam_fact,Билирубин общий_dinam_fact,MPV- Средн.объем тромбоцитов_dinam_fact,PCT- Тромбокрит_dinam_fact,Лимфоциты%_dinam_fact,снижение_сознания_dinam_fact,Cтепень тяжести по КТ_dinam_fact,Лактатдегидрогеназа_dinam_fact,PDW- Индекс расп.по объему тр._dinam_fact
MSE,0.0017292472766712308,0.0012066810159012675,0.0007909982814453542,0.010038749314844608,0.0003919006558135152,0.013914725743234158,0.008682074956595898,0.0067276908084750175,0.01641046069562435,0.0318593829870224,0.05901198089122772,0.0008085385197773576,0.008925385773181915
R2,-0.08214802201386417,-1.4886004231953245,-1.7939449535856626,0.019840694935227332,-0.6390230491171591,-0.02546301226517289,0.16241033362626933,-0.05124490510639412,0.0881187726801177,0.49853847995744194,0.009646382937884113,-0.028272552777760085,0.289202517292913
