,Температура_dinam_fact,Лимфоциты#_dinam_fact,АСТ_dinam_fact,ЧСС_dinam_fact,ЧДД_dinam_fact,Билирубин общий_dinam_fact,MPV- Средн.объем тромбоцитов_dinam_fact,PCT- Тромбокрит_dinam_fact,Лимфоциты%_dinam_fact,снижение_сознания_dinam_fact,Cтепень тяжести по КТ_dinam_fact,Лактатдегидрогеназа_dinam_fact,PDW- Индекс расп.по объему тр._dinam_fact
MSE,0.001545988372527063,0.0008484868449158967,0.0004521799273788929,0.010049005970358849,0.00027648848481476307,0.013937419280409813,0.009208365343511105,0.006795973051339388,0.015636024996638298,0.03167306259274483,0.06002390384674072,0.0009352190536446869,0.011264734901487827
R2,0.03253387760110549,-0.7498782454902024,-0.597179147371814,0.018839254330074384,-0.15634158660986164,-0.027135708152440374,0.11163735829343424,-0.06191464676638714,0.13115160530626413,0.5014711107721767,-0.007335934368570163,-0.18938034655006541,0.10290211282484407
