,Температура_dinam_fact,Лимфоциты#_dinam_fact,АСТ_dinam_fact,ЧСС_dinam_fact,ЧДД_dinam_fact,Билирубин общий_dinam_fact,MPV- Средн.объем тромбоцитов_dinam_fact,PCT- Тромбокрит_dinam_fact,Лимфоциты%_dinam_fact,снижение_сознания_dinam_fact,Cтепень тяжести по КТ_dinam_fact,Лактатдегидрогеназа_dinam_fact,PDW- Индекс расп.по объему тр._dinam_fact
MSE,0.001512794173322618,0.0008102966821752489,0.0002379869983997196,0.009946550242602825,0.0001583304547239095,0.01385434065014124,0.007237395271658897,0.006503057200461626,0.016080237925052643,0.031369686126708984,0.059305109083652496,0.0008852828177623451,0.011352716945111752
R2,0.053306499812812214,-0.6711169848360974,0.15938813928882145,0.028842839421684086,0.33782371352816243,-0.021013129976308553,0.30178350134618637,-0.016144470289486623,0.10646749793524513,0.5062463023270947,0.00472679971328227,-0.12587313835433234,0.09589536463132187
