,Температура_dinam_fact,Лимфоциты#_dinam_fact,АСТ_dinam_fact,ЧСС_dinam_fact,ЧДД_dinam_fact,Билирубин общий_dinam_fact,MPV- Средн.объем тромбоцитов_dinam_fact,PCT- Тромбокрит_dinam_fact,Лимфоциты%_dinam_fact,снижение_сознания_dinam_fact,Cтепень тяжести по КТ_dinam_fact,Лактатдегидрогеназа_dinam_fact,PDW- Индекс расп.по объему тр._dinam_fact
MSE,0.001963946735486388,0.00029629759956151247,0.0003885535697918385,0.010679812170565128,0.0001610187318874523,0.013007543049752712,0.00640795798972249,0.0050675151869654655,0.010494542308151722,0.033156078308820724,0.060128726065158844,0.0007835443830117583,0.005567646585404873
R2,-0.22902095865769567,0.3889302339012046,-0.3724397103762087,-0.0427507537237688,0.3265806926655789,0.041392611577707794,0.3818022961228833,0.20816805798143057,0.4168487126652153,0.47812874475725764,-0.009095173563590686,0.0035142624191536465,0.5566052912941806
