,Температура_dinam_fact,Лимфоциты#_dinam_fact,АСТ_dinam_fact,ЧСС_dinam_fact,ЧДД_dinam_fact,Билирубин общий_dinam_fact,MPV- Средн.объем тромбоцитов_dinam_fact,PCT- Тромбокрит_dinam_fact,Лимфоциты%_dinam_fact,снижение_сознания_dinam_fact,Cтепень тяжести по КТ_dinam_fact,Лактатдегидрогеназа_dinam_fact,PDW- Индекс расп.по объему тр._dinam_fact
MSE,0.001995010767132044,0.00045240772305987775,0.0002963404112961143,0.009966310113668442,0.00023840623907744884,0.012104298919439316,0.006176142022013664,0.006331350188702345,0.01101913396269083,0.03232596814632416,0.0592862032353878,0.0006699101068079472,0.006478752009570599
R2,-0.2484606182513307,0.06697635494790277,-0.046726390916026705,0.026913484604127236,0.0029274927844195053,0.10795827745820075,0.40416635159992287,0.010685630766892773,0.387698827477693,0.49119453119939693,0.005044273258378751,0.14803050377123816,0.48404690589863875
