,Температура_dinam_fact,Лимфоциты#_dinam_fact,АСТ_dinam_fact,ЧСС_dinam_fact,ЧДД_dinam_fact,Билирубин общий_dinam_fact,MPV- Средн.объем тромбоцитов_dinam_fact,PCT- Тромбокрит_dinam_fact,Лимфоциты%_dinam_fact,снижение_сознания_dinam_fact,Cтепень тяжести по КТ_dinam_fact,Лактатдегидрогеназа_dinam_fact,PDW- Индекс расп.по объему тр._dinam_fact
MSE,0.0009556980803608894,0.0001472046278649941,0.017790520563721657,0.009991749189794064,0.0010079755447804928,0.004310199059545994,0.00533663434907794,0.0057412381283938885,0.0067603932693600655,0.00028173139435239136,0.03526660054922104,0.015077141113579273,0.0055689262226223946
R2,-0.09523312247250448,-1.1504508959107707,0.07702376052226245,-0.0030997598665156723,0.2487196565323263,0.04273148012838701,0.6212616385211642,0.21137130230096624,0.3793061719733918,0.9935067638052434,-0.030738775747549685,0.062167205955353744,0.5851098440392366
