,Температура_dinam_fact,Лимфоциты#_dinam_fact,АСТ_dinam_fact,ЧСС_dinam_fact,ЧДД_dinam_fact,Билирубин общий_dinam_fact,MPV- Средн.объем тромбоцитов_dinam_fact,PCT- Тромбокрит_dinam_fact,Лимфоциты%_dinam_fact,снижение_сознания_dinam_fact,Cтепень тяжести по КТ_dinam_fact,Лактатдегидрогеназа_dinam_fact,PDW- Индекс расп.по объему тр._dinam_fact
MSE,0.0016115062171593308,8.076298399828374e-05,0.0003111569385509938,0.010288194753229618,0.000149340252391994,0.011055867187678814,0.006784963887184858,0.004691417794674635,0.010140067897737026,0.03374176844954491,0.060380998998880386,0.0007060198695398867,0.0063699232414364815
R2,-0.008466706327477702,0.8334383264372021,-0.09906117558926453,-0.004514656035315978,0.37542294793426256,0.185223916633652,0.3454313057151025,0.26693575238640577,0.4365459780885731,0.4689101068211571,-0.013328966482533788,0.10210725248200303,0.49271375206391266
