,Температура_dinam_fact,Лимфоциты#_dinam_fact,АСТ_dinam_fact,ЧСС_dinam_fact,ЧДД_dinam_fact,Билирубин общий_dinam_fact,MPV- Средн.объем тромбоцитов_dinam_fact,PCT- Тромбокрит_dinam_fact,Лимфоциты%_dinam_fact,снижение_сознания_dinam_fact,Cтепень тяжести по КТ_dinam_fact,Лактатдегидрогеназа_dinam_fact,PDW- Индекс расп.по объему тр._dinam_fact
MSE,0.0016123931854963303,8.127863111440092e-05,0.0003052387328352779,0.010512962006032467,0.00020524105639196932,0.011564505286514759,0.006247584242373705,0.004621106665581465,0.00953372661024332,0.03381694108247757,0.06161830201745033,0.0007414369028992951,0.005302291829138994
R2,-0.009021878185951016,0.8323748615264781,-0.07815695844147297,-0.026460354039921752,0.14163234185060658,0.14773922968670006,0.3972741238664734,0.27792228179800993,0.47023859997598827,0.4677268345017528,-0.03409334848311363,0.057065116767117896,0.577737576448625
