,Температура_dinam_fact,Лимфоциты#_dinam_fact,АСТ_dinam_fact,ЧСС_dinam_fact,ЧДД_dinam_fact,Билирубин общий_dinam_fact,MPV- Средн.объем тромбоцитов_dinam_fact,PCT- Тромбокрит_dinam_fact,Лимфоциты%_dinam_fact,снижение_сознания_dinam_fact,Cтепень тяжести по КТ_dinam_fact,Лактатдегидрогеназа_dinam_fact,PDW- Индекс расп.по объему тр._dinam_fact
MSE,0.0015580245526507497,7.159230153774843e-05,0.000189307625987567,0.012168928980827332,0.00015135582361835986,0.010584454983472824,0.006855744402855635,0.004427346866577864,0.009590912610292435,0.03369676694273949,0.05909167602658272,0.0005376737099140882,0.00542032765224576
R2,0.025001772454742555,0.8523515183869671,0.3313320991305472,-0.1881445329905851,0.36699335865158433,0.21996519193818576,0.3386028552783895,0.3081985653646129,0.46706083813625754,0.4696183861493838,0.008309007562891546,0.3162043717950097,0.5683372906312534
