,Температура_dinam_fact,Лимфоциты#_dinam_fact,АСТ_dinam_fact,ЧСС_dinam_fact,ЧДД_dinam_fact,Билирубин общий_dinam_fact,MPV- Средн.объем тромбоцитов_dinam_fact,PCT- Тромбокрит_dinam_fact,Лимфоциты%_dinam_fact,снижение_сознания_dinam_fact,Cтепень тяжести по КТ_dinam_fact,Лактатдегидрогеназа_dinam_fact,PDW- Индекс расп.по объему тр._dinam_fact
MSE,0.0014393571764230728,0.0004605419235303998,0.01730053499341011,0.011473146267235279,0.0014110225019976497,0.004295513033866882,0.006071942858397961,0.005554200150072575,0.008112678304314613,0.0017807354452088475,0.040400758385658264,0.015598469413816929,0.005205645691603422
R2,-0.6495082621168025,-5.72786269248763,0.10244468418895636,-0.15182143180954677,-0.051685803083106885,0.04599289969824838,0.5690773432074254,0.23706332927708096,0.25514836501116767,0.9589582758184538,-0.18079516446833255,0.02973931965835208,0.6121745582160685
