,Температура_dinam_fact,Лимфоциты#_dinam_fact,АСТ_dinam_fact,ЧСС_dinam_fact,ЧДД_dinam_fact,Билирубин общий_dinam_fact,MPV- Средн.объем тромбоцитов_dinam_fact,PCT- Тромбокрит_dinam_fact,Лимфоциты%_dinam_fact,снижение_сознания_dinam_fact,Cтепень тяжести по КТ_dinam_fact,Лактатдегидрогеназа_dinam_fact,PDW- Индекс расп.по объему тр._dinam_fact
MSE,0.0011127484031021595,0.0004414186696521938,0.018160654231905937,0.011743205599486828,0.0010354641126468778,0.004600958898663521,0.0059182047843933105,0.006185354199260473,0.007456474471837282,0.0003891814558301121,0.03690806403756142,0.01463355403393507,0.0054488214664161205
R2,-0.2752131769386199,-5.4484995588327845,0.05782167838529251,-0.1789333485385438,0.22823131061150181,-0.021844859722560894,0.5799877951594359,0.1503664924590591,0.3153967757938918,0.9910302938098676,-0.07871438081705917,0.08975962641152124,0.5940579237762507
