,Температура_dinam_fact,Лимфоциты#_dinam_fact,АСТ_dinam_fact,ЧСС_dinam_fact,ЧДД_dinam_fact,Билирубин общий_dinam_fact,MPV- Средн.объем тромбоцитов_dinam_fact,PCT- Тромбокрит_dinam_fact,Лимфоциты%_dinam_fact,снижение_сознания_dinam_fact,Cтепень тяжести по КТ_dinam_fact,Лактатдегидрогеназа_dinam_fact,PDW- Индекс расп.по объему тр._dinam_fact
MSE,0.002776177367195487,0.002849332056939602,0.001437137951143086,0.013696903362870216,0.0004292951198294759,0.0025563579984009266,0.004062838852405548,0.00633988669142127,0.00777865806594491,0.0015756384236738086,0.032654840499162674,0.0013354409020394087,0.005419909954071045
R2,-1.2473234815991807,0.6986607445315007,-0.9784060378004975,-0.24679080203354875,-0.5193884855976822,-0.23204829493549384,0.6620940109714923,0.00525587317461762,0.5694562028375926,0.982838612532526,-0.09775600675298057,-0.7044166752104981,0.5056893803017504
