,Температура_dinam_fact,Лимфоциты#_dinam_fact,АСТ_dinam_fact,ЧСС_dinam_fact,ЧДД_dinam_fact,Билирубин общий_dinam_fact,MPV- Средн.объем тромбоцитов_dinam_fact,PCT- Тромбокрит_dinam_fact,Лимфоциты%_dinam_fact,снижение_сознания_dinam_fact,Cтепень тяжести по КТ_dinam_fact,Лактатдегидрогеназа_dinam_fact,PDW- Индекс расп.по объему тр._dinam_fact
MSE,0.0009633346926420927,0.0002216769935330376,0.0178482998162508,0.010382373817265034,0.0008288592216558754,0.004689915105700493,0.005793141201138496,0.007063502445816994,0.007823391817510128,0.001155539182946086,0.03923635184764862,0.014537736773490906,0.006253616884350777
R2,-0.10398488264780648,-2.238386301541094,0.07402641717934921,-0.04231570109098182,0.3822214733980801,-0.041601360802431264,0.588863609163617,0.029742318240710608,0.281708797035775,0.9733675761358449,-0.1467631104796745,0.0957195099581114,0.5340996625205616
