,Температура_dinam_fact,Лимфоциты#_dinam_fact,АСТ_dinam_fact,ЧСС_dinam_fact,ЧДД_dinam_fact,Билирубин общий_dinam_fact,MPV- Средн.объем тромбоцитов_dinam_fact,PCT- Тромбокрит_dinam_fact,Лимфоциты%_dinam_fact,снижение_сознания_dinam_fact,Cтепень тяжести по КТ_dinam_fact,Лактатдегидрогеназа_dinam_fact,PDW- Индекс расп.по объему тр._dinam_fact
MSE,0.0017552253557369113,0.0002979251148644835,0.000584311957936734,0.011087858118116856,0.0004665052692871541,0.011816573329269886,0.0071088229306042194,0.006284900475293398,0.009915352798998356,0.03271509334445,0.060593459755182266,0.0007669547921977937,0.005825982894748449
R2,-0.09840496895898032,0.3855737532097382,-1.0638925532427241,-0.08259171413937327,-0.9510375137636633,0.12916268123860597,0.3141872591010858,0.017943884912837826,0.44903285171935514,0.4850697523821921,-0.01689439731554465,0.024612044396423283,0.5360319381497138
