,Температура_dinam_fact,Лимфоциты#_dinam_fact,АСТ_dinam_fact,ЧСС_dinam_fact,ЧДД_dinam_fact,Билирубин общий_dinam_fact,MPV- Средн.объем тромбоцитов_dinam_fact,PCT- Тромбокрит_dinam_fact,Лимфоциты%_dinam_fact,снижение_сознания_dinam_fact,Cтепень тяжести по КТ_dinam_fact,Лактатдегидрогеназа_dinam_fact,PDW- Индекс расп.по объему тр._dinam_fact
MSE,0.0016073818551376462,0.0004010857956018299,0.01857876591384411,0.011722463183104992,0.0010751796653494239,0.004698230419307947,0.005571430549025536,0.007156569045037031,0.007575163152068853,0.0015297092031687498,0.0392526239156723,0.014686476439237595,0.005830565467476845
R2,-0.8420650538010157,-4.859294463680546,0.036129874341586765,-0.17685091687978471,0.19862971502863025,-0.04344795059568041,0.6045984018898254,0.016958360432013264,0.3044993669122664,0.9647438488886435,-0.14723865125116187,0.08646729475080572,0.5656173926919235
