,Температура_dinam_fact,Лимфоциты#_dinam_fact,АСТ_dinam_fact,ЧСС_dinam_fact,ЧДД_dinam_fact,Билирубин общий_dinam_fact,MPV- Средн.объем тромбоцитов_dinam_fact,PCT- Тромбокрит_dinam_fact,Лимфоциты%_dinam_fact,снижение_сознания_dinam_fact,Cтепень тяжести по КТ_dinam_fact,Лактатдегидрогеназа_dinam_fact,PDW- Индекс расп.по объему тр._dinam_fact
MSE,0.01178244066589824,0.031234527410142997,0.015493819175775587,0.025759556359487703,2.5386684456920667,0.010550532048349964,0.010494737365028149,0.011420780546587277,0.01935890705506441,330.982247738946,0.028964530703832692,0.006396344241697944,0.0041947989040527585
R2,0.5453313716602401,0.3702502408618187,0.08072444684633706,-0.009030549344312355,-94.50772048822817,0.4168711649470078,0.7849061473152852,0.6091373706031296,0.5827928847281352,-4288.0966215657045,0.34217953505729937,0.6547146545941326,0.9187393003986863
