,Температура_dinam_fact,Лимфоциты#_dinam_fact,АСТ_dinam_fact,ЧСС_dinam_fact,ЧДД_dinam_fact,Билирубин общий_dinam_fact,MPV- Средн.объем тромбоцитов_dinam_fact,PCT- Тромбокрит_dinam_fact,Лимфоциты%_dinam_fact,снижение_сознания_dinam_fact,Cтепень тяжести по КТ_dinam_fact,Лактатдегидрогеназа_dinam_fact,PDW- Индекс расп.по объему тр._dinam_fact
MSE,0.002206529723480344,0.0027994313277304173,0.0006179985357448459,0.023733826354146004,0.0007797225844115019,0.0023100757971405983,0.006714168004691601,0.0061016930267214775,0.012616660445928574,0.0025060868356376886,0.07560522854328156,0.001012472901493311,0.008089507929980755
R2,-0.7826995614081,0.6796575493739634,-0.30745161085113737,-0.33067036655581616,-1.8813565770647034,-0.8460586023030856,0.3131456371586575,0.034158324789946515,0.4923158764493403,0.9727044515319397,-0.5800057789310744,-0.2854693400581627,0.33339778433964784
