,Температура_dinam_fact,Лимфоциты#_dinam_fact,АСТ_dinam_fact,ЧСС_dinam_fact,ЧДД_dinam_fact,Билирубин общий_dinam_fact,MPV- Средн.объем тромбоцитов_dinam_fact,PCT- Тромбокрит_dinam_fact,Лимфоциты%_dinam_fact,снижение_сознания_dinam_fact,Cтепень тяжести по КТ_dinam_fact,Лактатдегидрогеназа_dinam_fact,PDW- Индекс расп.по объему тр._dinam_fact
MSE,0.002314097946509719,0.0009318027296103537,0.0007834333810023963,0.022283418104052544,0.0005212174728512764,0.002157274866476655,0.007378016598522663,0.005358635913580656,0.014616250991821289,0.0032760335598140955,0.07331419736146927,0.001249403809197247,0.006749026942998171
R2,-0.8696059103219653,0.8933726250021174,-0.6574494214925055,-0.24935089578311365,-0.9260867415612808,-0.7239505528530465,0.24523470983678863,0.15177692753919947,0.4118540342348941,0.9643184155726373,-0.5321273741239685,-0.5862849458492154,0.4438576861899951
