,Температура_dinam_fact,Лимфоциты#_dinam_fact,АСТ_dinam_fact,ЧСС_dinam_fact,ЧДД_dinam_fact,Билирубин общий_dinam_fact,MPV- Средн.объем тромбоцитов_dinam_fact,PCT- Тромбокрит_dinam_fact,Лимфоциты%_dinam_fact,снижение_сознания_dinam_fact,Cтепень тяжести по КТ_dinam_fact,Лактатдегидрогеназа_dinam_fact,PDW- Индекс расп.по объему тр._dinam_fact
MSE,0.0020736295264214277,0.000621544721070677,0.00047735581756569445,0.027378059923648834,0.00019949249690398574,0.0014091968769207597,0.007832384668290615,0.00595069257542491,0.01339688804000616,0.002229588106274605,0.0785079300403595,0.000837385596241802,0.006383771076798439
R2,-0.6753267045742111,0.9288758354304684,-0.009904949969265386,-0.5349889960649541,0.26280295789693864,-0.12613648533247535,0.19875318926665508,0.0580600818979089,0.46092029221816067,0.9757159871658809,-0.6406665422291677,-0.06317281504577887,0.473955951006405
