,Температура_dinam_fact,Лимфоциты#_dinam_fact,АСТ_dinam_fact,ЧСС_dinam_fact,ЧДД_dinam_fact,Билирубин общий_dinam_fact,MPV- Средн.объем тромбоцитов_dinam_fact,PCT- Тромбокрит_dinam_fact,Лимфоциты%_dinam_fact,снижение_сознания_dinam_fact,Cтепень тяжести по КТ_dinam_fact,Лактатдегидрогеназа_dinam_fact,PDW- Индекс расп.по объему тр._dinam_fact
MSE,0.0015556864673271775,0.00017403428500983864,0.0004159732488915324,0.01012365147471428,0.00016653683269396424,0.012210768647491932,0.0064437673427164555,0.005013581831008196,0.009495706297457218,0.03354065120220184,0.06082086265087128,0.0007928127888590097,0.005045541562139988
R2,0.02646480771083004,0.6410800822752951,-0.4692903971885092,0.011551380064847794,0.30350276299903345,0.10011179746641663,0.3783476804849216,0.21659559604624445,0.4723511841588932,0.47207556142171925,-0.020710694744334734,-0.008273005236583586,0.5981845271126189
