,Температура_dinam_fact,Лимфоциты#_dinam_fact,АСТ_dinam_fact,ЧСС_dinam_fact,ЧДД_dinam_fact,Билирубин общий_dinam_fact,MPV- Средн.объем тромбоцитов_dinam_fact,PCT- Тромбокрит_dinam_fact,Лимфоциты%_dinam_fact,снижение_сознания_dinam_fact,Cтепень тяжести по КТ_dinam_fact,Лактатдегидрогеназа_dinam_fact,PDW- Индекс расп.по объему тр._dinam_fact
MSE,0.0013156759086996317,0.0005866656429134309,0.0008046531584113836,0.01307576335966587,0.0002125490573234856,0.0018753466429188848,0.004031257703900337,0.005306057166308165,0.00657867593690753,0.000875935482326895,0.03893366456031799,0.0007678695255890489,0.0037617101334035397
R2,-0.06504316172753644,0.9379554998697248,-0.10770910626374142,-0.19025047725113287,0.24773295977603838,0.09616843576415834,0.6647205966184344,0.16746637527239927,0.63587450083835,0.990459570907278,-0.3088308884722937,0.019971862086550773,0.6569218050299979
