,Температура_dinam_fact,Лимфоциты#_dinam_fact,АСТ_dinam_fact,ЧСС_dinam_fact,ЧДД_dinam_fact,Билирубин общий_dinam_fact,MPV- Средн.объем тромбоцитов_dinam_fact,PCT- Тромбокрит_dinam_fact,Лимфоциты%_dinam_fact,снижение_сознания_dinam_fact,Cтепень тяжести по КТ_dinam_fact,Лактатдегидрогеназа_dinam_fact,PDW- Индекс расп.по объему тр._dinam_fact
MSE,0.0011444395640864968,0.00014495231152977794,0.017775477841496468,0.009862142615020275,0.0009551683906465769,0.004620893858373165,0.005402065347880125,0.006245876662433147,0.008315655402839184,0.0022639427334070206,0.038758501410484314,0.014927541837096214,0.005170473828911781
R2,-0.31153177169662083,-1.1175473722980103,0.07780460946344281,0.009911796328280209,0.288078607118759,-0.026272197595947455,0.6166182199226864,0.14205309956147827,0.23651262133880646,0.9478215163553791,-0.13279719407130886,0.07147277575824984,0.6147949241359647
