,Температура_dinam_fact,Лимфоциты#_dinam_fact,АСТ_dinam_fact,ЧСС_dinam_fact,ЧДД_dinam_fact,Билирубин общий_dinam_fact,MPV- Средн.объем тромбоцитов_dinam_fact,PCT- Тромбокрит_dinam_fact,Лимфоциты%_dinam_fact,снижение_сознания_dinam_fact,Cтепень тяжести по КТ_dinam_fact,Лактатдегидрогеназа_dinam_fact,PDW- Индекс расп.по объему тр._dinam_fact
MSE,0.001554078422486782,0.00018389731121715158,0.00029024318791925907,0.007212471216917038,0.0001493556483183056,0.0018964593764394522,0.006166544742882252,0.0071905385702848434,0.009219680912792683,0.00029304600320756435,0.06848109513521194,0.0005975718377158046,0.0049360268749296665
R2,-0.11284374339106762,0.04409759795853552,0.023332657687905156,-0.06686473464047493,0.3978586298903455,0.054478573233205485,0.6320944098417169,0.21693195128047005,0.44062972492484276,0.9953007451711522,-0.045182991629343805,0.21025462628041425,0.6197928642285906
