,Температура_dinam_fact,Лимфоциты#_dinam_fact,АСТ_dinam_fact,ЧСС_dinam_fact,ЧДД_dinam_fact,Билирубин общий_dinam_fact,MPV- Средн.объем тромбоцитов_dinam_fact,PCT- Тромбокрит_dinam_fact,Лимфоциты%_dinam_fact,снижение_сознания_dinam_fact,Cтепень тяжести по КТ_dinam_fact,Лактатдегидрогеназа_dinam_fact,PDW- Индекс расп.по объему тр._dinam_fact
MSE,0.0008183905738405883,0.00010193546768277884,0.017731929197907448,0.00989522598683834,0.0011055098148062825,0.004913797602057457,0.005541048012673855,0.0060692341066896915,0.007751659024506807,0.0007814161945134401,0.036308612674474716,0.014735033735632896,0.005520360544323921
R2,0.06212147528573653,-0.48913258847862995,0.08006386510456465,0.006590511372407515,0.17602345401203767,-0.09132416771348084,0.6067546191771749,0.16631724335989206,0.28829479266446967,0.9819902160621541,-0.06119404691115071,0.08344704713160223,0.5887280755828516
