,Температура_dinam_fact,Лимфоциты#_dinam_fact,АСТ_dinam_fact,ЧСС_dinam_fact,ЧДД_dinam_fact,Билирубин общий_dinam_fact,MPV- Средн.объем тромбоцитов_dinam_fact,PCT- Тромбокрит_dinam_fact,Лимфоциты%_dinam_fact,снижение_сознания_dinam_fact,Cтепень тяжести по КТ_dinam_fact,Лактатдегидрогеназа_dinam_fact,PDW- Индекс расп.по объему тр._dinam_fact
MSE,0.0010639725951477885,0.00021559465676546097,0.017827678471803665,0.00980718806385994,0.0010697349207475781,0.004362776875495911,0.006862811278551817,0.006260160822421312,0.008019690401852131,0.0022026316728442907,0.03780911862850189,0.014814669266343117,0.006591519340872765
R2,-0.21931607656974217,-2.1495315345835344,0.07509606246989153,0.015428773018950737,0.20268800751720462,0.031053679227862285,0.5129498317366249,0.1400909987200809,0.26368607964782775,0.9492345874271149,-0.10504918309260214,0.07849337801401246,0.5089255319498707
