,Температура_dinam_fact,Лимфоциты#_dinam_fact,АСТ_dinam_fact,ЧСС_dinam_fact,ЧДД_dinam_fact,Билирубин общий_dinam_fact,MPV- Средн.объем тромбоцитов_dinam_fact,PCT- Тромбокрит_dinam_fact,Лимфоциты%_dinam_fact,снижение_сознания_dinam_fact,Cтепень тяжести по КТ_dinam_fact,Лактатдегидрогеназа_dinam_fact,PDW- Индекс расп.по объему тр._dinam_fact
MSE,0.0008481991826556623,0.00023746931401547045,0.017754677683115005,0.010037482716143131,0.0010135233169421554,0.004567215219140053,0.005771928932517767,0.00645902706310153,0.008616205304861069,0.0014560215640813112,0.03698768839240074,0.014886489138007164,0.005667265970259905
R2,0.027960814883855267,-2.469090189149384,0.07888355753548104,-0.0076912019720132285,0.24458452271966935,-0.014350541046241005,0.5903691643492236,0.11277432188456393,0.2089179762070862,0.9664421753062765,-0.08104130298269019,0.07402643516704321,0.5777834648764917
