,Температура_dinam_fact,Лимфоциты#_dinam_fact,АСТ_dinam_fact,ЧСС_dinam_fact,ЧДД_dinam_fact,Билирубин общий_dinam_fact,MPV- Средн.объем тромбоцитов_dinam_fact,PCT- Тромбокрит_dinam_fact,Лимфоциты%_dinam_fact,снижение_сознания_dinam_fact,Cтепень тяжести по КТ_dinam_fact,Лактатдегидрогеназа_dinam_fact,PDW- Индекс расп.по объему тр._dinam_fact
MSE,0.0015823038993403316,0.00035978350206278265,0.00029751798138022423,0.013982194475829601,0.0001033386288327165,0.003867678577080369,0.004807896446436644,0.0052541387267410755,0.006861004512757063,0.0010615696664899588,0.0337924063205719,0.0005198657163418829,0.0042837862856686115
R2,-0.2808795581644199,0.9619500736708647,0.5904281287990223,-0.2727606119910915,0.6342572996566835,-0.8640451136699048,0.6001276034068379,0.17561237029632493,0.6202477819853807,0.9884377011773693,-0.135997507377013,0.3364980270215514,0.6093069996129534
