,Температура_dinam_fact,Лимфоциты#_dinam_fact,АСТ_dinam_fact,ЧСС_dinam_fact,ЧДД_dinam_fact,Билирубин общий_dinam_fact,MPV- Средн.объем тромбоцитов_dinam_fact,PCT- Тромбокрит_dinam_fact,Лимфоциты%_dinam_fact,снижение_сознания_dinam_fact,Cтепень тяжести по КТ_dinam_fact,Лактатдегидрогеназа_dinam_fact,PDW- Индекс расп.по объему тр._dinam_fact
MSE,0.0014350968413054943,0.0049467687495052814,0.0007876164745539427,0.015097481198608875,0.0002881642722059041,0.0015917918644845486,0.008599963039159775,0.006144239101558924,0.007555587682873011,0.0008590068900957704,0.03109433688223362,0.00041436345782130957,0.007645995821803808
R2,-0.16171492948820898,0.4768403039712974,-0.08425588209991641,-0.3742813050893412,-0.01988918054483091,0.23282879889806674,0.28474176801769013,0.03595344949548074,0.5818029916879239,0.9906439523555923,-0.04529671250642764,0.4711499091704421,0.302664506548154
