,Температура_dinam_fact,Лимфоциты#_dinam_fact,АСТ_dinam_fact,ЧСС_dinam_fact,ЧДД_dinam_fact,Билирубин общий_dinam_fact,MPV- Средн.объем тромбоцитов_dinam_fact,PCT- Тромбокрит_dinam_fact,Лимфоциты%_dinam_fact,снижение_сознания_dinam_fact,Cтепень тяжести по КТ_dinam_fact,Лактатдегидрогеназа_dinam_fact,PDW- Индекс расп.по объему тр._dinam_fact
MSE,0.001396247767843306,8.222577162086964e-05,0.00034685267019085586,0.011385500431060791,0.00017395739268977195,0.002373694907873869,0.0033803435508161783,0.0051250760443508625,0.006520068272948265,0.0010319720022380352,0.03662531450390816,0.00039190688403323293,0.0038626461755484343
R2,-0.13026672548620888,0.9913039766767983,0.5225125092361116,-0.03639027465322053,0.3843189550105649,-0.14401308485027897,0.7188571438729152,0.19586273642350926,0.6391184190001975,0.9887600683555651,-0.23123126227453272,0.4998111580383876,0.6477161484455607
