,Температура_dinam_fact,Лимфоциты#_dinam_fact,АСТ_dinam_fact,ЧСС_dinam_fact,ЧДД_dinam_fact,Билирубин общий_dinam_fact,MPV- Средн.объем тромбоцитов_dinam_fact,PCT- Тромбокрит_dinam_fact,Лимфоциты%_dinam_fact,снижение_сознания_dinam_fact,Cтепень тяжести по КТ_dinam_fact,Лактатдегидрогеназа_dinam_fact,PDW- Индекс расп.по объему тр._dinam_fact
MSE,0.0013523342786356807,0.0013614578638225794,0.0004419902979861945,0.01359399501234293,0.0002348402194911614,0.0016552024753764272,0.004021070431917906,0.00629098154604435,0.0069575984962284565,0.001410975120961666,0.031056683510541916,0.0004920909414067864,0.00383767276071012
R2,-0.094718257728728,0.8560151167885586,0.39154324367119586,-0.2374237280035767,0.16883873585210796,0.2022676879749843,0.6655678682478883,0.012929321206724964,0.614901395093452,0.984632077244118,-0.0440308192399852,0.37194675104958597,0.6499937763991054
