,Температура_dinam_fact,Лимфоциты#_dinam_fact,АСТ_dinam_fact,ЧСС_dinam_fact,ЧДД_dinam_fact,Билирубин общий_dinam_fact,MPV- Средн.объем тромбоцитов_dinam_fact,PCT- Тромбокрит_dinam_fact,Лимфоциты%_dinam_fact,снижение_сознания_dinam_fact,Cтепень тяжести по КТ_dinam_fact,Лактатдегидрогеназа_dinam_fact,PDW- Индекс расп.по объему тр._dinam_fact
MSE,0.0008900014800019562,0.00029206089675426483,0.017942870035767555,0.009743454866111279,0.000959552067797631,0.004696106072515249,0.005065668374300003,0.005794623401015997,0.007270314265042543,0.0009173352736979723,0.036999162286520004,0.01523866318166256,0.005050357896834612
R2,-0.019944627460311448,-3.266594305397377,0.06912020740038005,0.021827087966133862,0.2848112445441494,-0.042976068682287316,0.6404920204499525,0.20403841178207116,0.3324885736493506,0.9788575992891126,-0.0813765362206389,0.05212038515152129,0.6237435468223622
