,Температура_dinam_fact,Лимфоциты#_dinam_fact,АСТ_dinam_fact,ЧСС_dinam_fact,ЧДД_dinam_fact,Билирубин общий_dinam_fact,MPV- Средн.объем тромбоцитов_dinam_fact,PCT- Тромбокрит_dinam_fact,Лимфоциты%_dinam_fact,снижение_сознания_dinam_fact,Cтепень тяжести по КТ_dinam_fact,Лактатдегидрогеназа_dinam_fact,PDW- Индекс расп.по объему тр._dinam_fact
MSE,0.0013602132676169276,0.0011806049151346087,0.00046358711551874876,0.012507140636444092,0.00020897392823826522,0.0014861556701362133,0.003746231086552143,0.006212764885276556,0.006888443138450384,0.0009875682881101966,0.0328826941549778,0.000552558689378202,0.0039606778882443905
R2,-0.10109662269706843,0.8751417378051805,0.36181241399440145,-0.13849063062372102,0.2603860518910488,0.2837406126707447,0.6884262592606517,0.025201414022229085,0.6187290588445398,0.9892437018614338,-0.10541570059916094,0.2947719484659671,0.6387753519500441
