,Температура_dinam_fact,Лимфоциты#_dinam_fact,АСТ_dinam_fact,ЧСС_dinam_fact,ЧДД_dinam_fact,Билирубин общий_dinam_fact,MPV- Средн.объем тромбоцитов_dinam_fact,PCT- Тромбокрит_dinam_fact,Лимфоциты%_dinam_fact,снижение_сознания_dinam_fact,Cтепень тяжести по КТ_dinam_fact,Лактатдегидрогеназа_dinam_fact,PDW- Индекс расп.по объему тр._dinam_fact
MSE,0.0008131516515277326,8.284937212010846e-05,0.017945390194654465,0.009690011851489544,0.0009384569129906595,0.004622471518814564,0.005468577612191439,0.006217749789357185,0.00709526939317584,0.0005864033009856939,0.036112621426582336,0.014755764044821262,0.00474655581638217
R2,0.0681255363504174,-0.2103116529112583,0.06898950238219403,0.027192228444345656,0.3005343816828462,-0.026622566952673843,0.6118978148111369,0.14591672371068043,0.3485599534795505,0.9864848009432778,-0.055465270292776925,0.08215751175703645,0.6463771138646126
