,Температура_dinam_fact,Лимфоциты#_dinam_fact,АСТ_dinam_fact,ЧСС_dinam_fact,ЧДД_dinam_fact,Билирубин общий_dinam_fact,MPV- Средн.объем тромбоцитов_dinam_fact,PCT- Тромбокрит_dinam_fact,Лимфоциты%_dinam_fact,снижение_сознания_dinam_fact,Cтепень тяжести по КТ_dinam_fact,Лактатдегидрогеназа_dinam_fact,PDW- Индекс расп.по объему тр._dinam_fact
MSE,0.0009707993012852967,0.00012231487198732793,0.017951952293515205,0.009621339850127697,0.0009566626977175474,0.004592245444655418,0.0056151458993554115,0.0055000064894557,0.0067773256450891495,0.00038065892294980586,0.03818279877305031,0.014752793125808239,0.004838390741497278
R2,-0.11253913976146146,-0.7868460335217542,0.06864902006812179,0.03408660478769454,0.28696498864469244,-0.019909407960775116,0.6014960196186666,0.244507418727551,0.3777515365202645,0.9912267175513106,-0.11597114280573106,0.08234224188338435,0.6395353975788169
