,Температура_dinam_fact,Лимфоциты#_dinam_fact,АСТ_dinam_fact,ЧСС_dinam_fact,ЧДД_dinam_fact,Билирубин общий_dinam_fact,MPV- Средн.объем тромбоцитов_dinam_fact,PCT- Тромбокрит_dinam_fact,Лимфоциты%_dinam_fact,снижение_сознания_dinam_fact,Cтепень тяжести по КТ_dinam_fact,Лактатдегидрогеназа_dinam_fact,PDW- Индекс расп.по объему тр._dinam_fact
MSE,0.0015213672304525971,0.00018945806368719786,0.00021662168728653342,0.014807193540036678,0.0001823645579861477,0.0026912197936326265,0.0033689148258417845,0.005152412224560976,0.006536114029586315,0.0006547712255269289,0.0397660993039608,0.0005394562613219023,0.003951184917241335
R2,-0.23155076644354855,0.9799633190061114,0.7017923001971014,-0.34785763457872254,0.3545636659020521,-0.2970454451982594,0.7198076237361931,0.19157359567723709,0.6382302475262711,0.9928684278962777,-0.33681511932904695,0.311494699629289,0.6396411752734983
