,Температура_dinam_fact,Лимфоциты#_dinam_fact,АСТ_dinam_fact,ЧСС_dinam_fact,ЧДД_dinam_fact,Билирубин общий_dinam_fact,MPV- Средн.объем тромбоцитов_dinam_fact,PCT- Тромбокрит_dinam_fact,Лимфоциты%_dinam_fact,снижение_сознания_dinam_fact,Cтепень тяжести по КТ_dinam_fact,Лактатдегидрогеназа_dinam_fact,PDW- Индекс расп.по объему тр._dinam_fact
MSE,0.000960223376750946,0.0003281472309026867,0.01784161478281021,0.00972019787877798,0.0010391256073489785,0.004683690145611763,0.005634445231407881,0.006398396100848913,0.007769727613776922,0.0011380902724340558,0.03727659583091736,0.015039867721498013,0.004785481374710798
R2,-0.10041945368650773,-3.7937649138501426,0.07437334950441654,0.02416196441642693,0.2255021222635284,-0.040218762540390696,0.600126195387348,0.1211027295906778,0.28663579309908616,0.9737697276923782,-0.08948541972856328,0.06448576303213271,0.6434771551335456
