,Температура_dinam_fact,Лимфоциты#_dinam_fact,АСТ_dinam_fact,ЧСС_dinam_fact,ЧДД_dinam_fact,Билирубин общий_dinam_fact,MPV- Средн.объем тромбоцитов_dinam_fact,PCT- Тромбокрит_dinam_fact,Лимфоциты%_dinam_fact,снижение_сознания_dinam_fact,Cтепень тяжести по КТ_dinam_fact,Лактатдегидрогеназа_dinam_fact,PDW- Индекс расп.по объему тр._dinam_fact
MSE,0.0013118969509378076,0.0010531996376812458,0.0007029336993582547,0.012140407226979733,0.00015262560918927193,0.0016167531721293926,0.0034591301809996367,0.0065990653820335865,0.007180583663284779,0.0006540383910760283,0.040146756917238235,0.0007711689686402678,0.004046617075800896
R2,-0.06198437836995496,0.8886158701989014,0.03232102733000208,-0.10510750653900369,0.4598176354569189,0.220798590186829,0.7123043548534529,-0.035409683826401306,0.6025593189044982,0.9928764087735726,-0.34961124846310554,0.015760670242753627,0.6309376354989955
