,Температура_dinam_fact,Лимфоциты#_dinam_fact,АСТ_dinam_fact,ЧСС_dinam_fact,ЧДД_dinam_fact,Билирубин общий_dinam_fact,MPV- Средн.объем тромбоцитов_dinam_fact,PCT- Тромбокрит_dinam_fact,Лимфоциты%_dinam_fact,снижение_сознания_dinam_fact,Cтепень тяжести по КТ_dinam_fact,Лактатдегидрогеназа_dinam_fact,PDW- Индекс расп.по объему тр._dinam_fact
MSE,0.0008364738896489143,0.0003524150524754077,0.018207518383860588,0.009789363481104374,0.0009777217637747526,0.004669756628572941,0.006034896243363619,0.005834088195115328,0.00739565072581172,0.0004598342638928443,0.04122358188033104,0.014995211735367775,0.00645116250962019
R2,0.04139817164953552,-4.1482832183468465,0.055390097294210405,0.0172182518261097,0.271268748183249,-0.037124186684234894,0.5717063006516254,0.1986171798866898,0.32098091162508025,0.9894019140368142,-0.20484370489129655,0.06726319153148785,0.5193824705972964
