,Температура_dinam_fact,Лимфоциты#_dinam_fact,АСТ_dinam_fact,ЧСС_dinam_fact,ЧДД_dinam_fact,Билирубин общий_dinam_fact,MPV- Средн.объем тромбоцитов_dinam_fact,PCT- Тромбокрит_dinam_fact,Лимфоциты%_dinam_fact,снижение_сознания_dinam_fact,Cтепень тяжести по КТ_dinam_fact,Лактатдегидрогеназа_dinam_fact,PDW- Индекс расп.по объему тр._dinam_fact
MSE,0.0008291331469081342,0.001112474245019257,0.01697230525314808,0.009581259451806545,0.0006435198592953384,0.0035594478249549866,0.010766196995973587,0.007217779289931059,0.009316951967775822,0.006541247945278883,0.035426974296569824,0.014363917522132397,0.012889403849840164
R2,0.049810595221155496,-15.251670243632272,0.11947337412963843,0.038110453642082986,0.5203614721194756,0.20946845419174875,0.23592840428446715,0.00855056800705778,0.1445803476251567,0.8492398234865965,-0.03542606566923401,0.1065317930223828,0.03972751487712045
