,Температура_dinam_fact,Лимфоциты#_dinam_fact,АСТ_dinam_fact,ЧСС_dinam_fact,ЧДД_dinam_fact,Билирубин общий_dinam_fact,MPV- Средн.объем тромбоцитов_dinam_fact,PCT- Тромбокрит_dinam_fact,Лимфоциты%_dinam_fact,снижение_сознания_dinam_fact,Cтепень тяжести по КТ_dinam_fact,Лактатдегидрогеназа_dinam_fact,PDW- Индекс расп.по объему тр._dinam_fact
MSE,0.001544280326925218,0.00905553624033928,0.0007918193587101996,0.01255637314170599,0.00048810799489729106,0.0023823007941246033,0.0067070601508021355,0.006536915432661772,0.014023512601852417,0.004921961575746536,0.03341883048415184,0.0009106387733481824,0.006812865845859051
R2,-0.2500996131176101,0.042305800550260786,-0.09004170617383922,-0.1429719314392759,-0.7275429452168838,-0.14816051670744224,0.4421743317227441,-0.025658330632442716,0.22380757508056193,0.94639145685925,-0.1234392850205761,-0.1622438147768548,0.3786483319051379
