,Температура_dinam_fact,Лимфоциты#_dinam_fact,АСТ_dinam_fact,ЧСС_dinam_fact,ЧДД_dinam_fact,Билирубин общий_dinam_fact,MPV- Средн.объем тромбоцитов_dinam_fact,PCT- Тромбокрит_dinam_fact,Лимфоциты%_dinam_fact,снижение_сознания_dinam_fact,Cтепень тяжести по КТ_dinam_fact,Лактатдегидрогеназа_dinam_fact,PDW- Индекс расп.по объему тр._dinam_fact
MSE,0.0011446535354480147,0.0005840309895575047,0.01784396730363369,0.010279499925673008,0.0006420515710487962,0.003739213338121772,0.012340396642684937,0.007522139232605696,0.010501607321202755,0.00984246376901865,0.03546001762151718,0.012140960432589054,0.007694268133491278
R2,-0.31177687069933335,-7.53186532624674,0.07425146239627034,-0.03198788275081488,0.5214558764409768,0.16954352234844017,0.12420835171504785,-0.03325685847757476,0.03581318187943949,0.7731546555413187,-0.03639195268677464,0.2448043853368881,0.4267699921073024
