,Температура_dinam_fact,Лимфоциты#_dinam_fact,АСТ_dinam_fact,ЧСС_dinam_fact,ЧДД_dinam_fact,Билирубин общий_dinam_fact,MPV- Средн.объем тромбоцитов_dinam_fact,PCT- Тромбокрит_dinam_fact,Лимфоциты%_dinam_fact,снижение_сознания_dinam_fact,Cтепень тяжести по КТ_dinam_fact,Лактатдегидрогеназа_dinam_fact,PDW- Индекс расп.по объему тр._dinam_fact
MSE,0.0018760670209303498,0.00011924987484235317,0.0040099602192640305,0.011439134366810322,0.0002575363323558122,0.0012636489700526,0.005978616885840893,0.007603717036545277,0.01057584211230278,0.007806144654750824,0.07844116538763046,0.00476194778457284,0.005196201149374247
R2,-0.051543021638562836,-1.0934701327435121,0.10412179445223413,-0.13494061230449583,0.27847543838283606,0.07977033515912513,0.5878390249905707,0.30668287765141555,0.3219808886307861,0.8105665802737894,-0.1099377831900028,0.11465296341082631,0.6295072740787462
