,Температура_dinam_fact,Лимфоциты#_dinam_fact,АСТ_dinam_fact,ЧСС_dinam_fact,ЧДД_dinam_fact,Билирубин общий_dinam_fact,MPV- Средн.объем тромбоцитов_dinam_fact,PCT- Тромбокрит_dinam_fact,Лимфоциты%_dinam_fact,снижение_сознания_dinam_fact,Cтепень тяжести по КТ_dinam_fact,Лактатдегидрогеназа_dinam_fact,PDW- Индекс расп.по объему тр._dinam_fact
MSE,0.0017253783298656344,6.2891464040149e-05,0.0040618316270411015,0.010225331410765648,0.0002569705538917333,0.0011780947679653764,0.006219768431037664,0.007178007159382105,0.011120416224002838,0.007738103158771992,0.06819819658994675,0.004867169074714184,0.005710954777896404
R2,0.03291848651014606,-0.10408054464540739,0.09253276831357138,-0.014512879926717126,0.28006017728069477,0.14207343579787446,0.5712140499633918,0.34549962882213425,0.28706795376104033,0.8122176448446132,0.0349997780307858,0.09509016687201599,0.5928051569672141
