,Температура_dinam_fact,Лимфоциты#_dinam_fact,АСТ_dinam_fact,ЧСС_dinam_fact,ЧДД_dinam_fact,Билирубин общий_dinam_fact,MPV- Средн.объем тромбоцитов_dinam_fact,PCT- Тромбокрит_dinam_fact,Лимфоциты%_dinam_fact,снижение_сознания_dinam_fact,Cтепень тяжести по КТ_dinam_fact,Лактатдегидрогеназа_dinam_fact,PDW- Индекс расп.по объему тр._dinam_fact
MSE,0.0022838886361569166,0.0029652153607457876,0.00504583865404129,0.008294162340462208,0.0019741205032914877,0.004842038732022047,0.02170318365097046,0.009612135589122772,0.014337056316435337,0.017368966713547707,0.04269098490476608,0.01120409183204174,0.00998096726834774
R2,-1.5315052103757671,-112.74845507404574,-19.279484970982665,-0.5500641500018015,-8.15205466795208,-2.7492478745346483,-1.0455558650953165,-0.8996293341836745,-0.1570343549796902,0.6862730476719011,0.09348308574976993,-17.015562096024848,-0.155268633597891
