,Температура_dinam_fact,Лимфоциты#_dinam_fact,АСТ_dinam_fact,ЧСС_dinam_fact,ЧДД_dinam_fact,Билирубин общий_dinam_fact,MPV- Средн.объем тромбоцитов_dinam_fact,PCT- Тромбокрит_dinam_fact,Лимфоциты%_dinam_fact,снижение_сознания_dinam_fact,Cтепень тяжести по КТ_dinam_fact,Лактатдегидрогеназа_dinam_fact,PDW- Индекс расп.по объему тр._dinam_fact
MSE,0.0009292595204897225,0.0024817802477627993,0.0020199143327772617,0.008407187648117542,0.004885484464466572,0.005962987896054983,0.01142008788883686,0.008519796654582024,0.01856239326298237,0.01037340983748436,0.04770468547940254,0.0016587743302807212,0.0045503536239266396
R2,-0.030008657679015283,-94.20344802537119,-7.118139843887029,-0.5711872838719445,-21.649184913951423,-3.6172125388168226,-0.0763593867708765,-0.6837523966117454,-0.49802921158329094,0.8126302793723332,-0.012979767464893044,-1.667217756299895,0.4733094315411823
