,Температура_dinam_fact,Лимфоциты#_dinam_fact,АСТ_dinam_fact,ЧСС_dinam_fact,ЧДД_dinam_fact,Билирубин общий_dinam_fact,MPV- Средн.объем тромбоцитов_dinam_fact,PCT- Тромбокрит_dinam_fact,Лимфоциты%_dinam_fact,снижение_сознания_dinam_fact,Cтепень тяжести по КТ_dinam_fact,Лактатдегидрогеназа_dinam_fact,PDW- Индекс расп.по объему тр._dinam_fact
MSE,0.0015988049563020468,0.003925887867808342,0.002321780426427722,0.00646782573312521,0.0007641019183211029,0.001994421472772956,0.009814981371164322,0.0055736154317855835,0.01143619790673256,0.01708485372364521,0.04639771580696106,0.001619175192900002,0.0074565233662724495
R2,-0.7721447998109938,-149.6007763897484,-8.33135276760789,-0.20874697618288462,-2.542389289862171,-0.544304353819727,0.07492403515784196,-0.1015039041646777,0.07707175490436491,0.6914048432745845,0.014773091110669268,-1.6035446903129933,0.1369285404690077
