,Температура_dinam_fact,Лимфоциты#_dinam_fact,АСТ_dinam_fact,ЧСС_dinam_fact,ЧДД_dinam_fact,Билирубин общий_dinam_fact,MPV- Средн.объем тромбоцитов_dinam_fact,PCT- Тромбокрит_dinam_fact,Лимфоциты%_dinam_fact,снижение_сознания_dinam_fact,Cтепень тяжести по КТ_dinam_fact,Лактатдегидрогеназа_dinam_fact,PDW- Индекс расп.по объему тр._dinam_fact
MSE,0.0010444448562338948,0.0016314808744937181,0.0022298560943454504,0.006172173656523228,0.00019869433890562505,0.0015374404611065984,0.009078020229935646,0.0053261648863554,0.011100325733423233,0.05717902630567551,0.04898866266012192,0.0005677302833646536,0.009372147731482983
R2,-0.15768215005032915,-61.5851495132737,-7.961904850944826,-0.15349373848538073,0.07884996818491852,-0.19045830182494838,0.14438347938731588,-0.052600509282807906,0.10417754771945897,-0.03279598076421353,-0.04024424311861674,0.08712100230454667,-0.08479962659256168
