,Температура_dinam_fact,Лимфоциты#_dinam_fact,АСТ_dinam_fact,ЧСС_dinam_fact,ЧДД_dinam_fact,Билирубин общий_dinam_fact,MPV- Средн.объем тромбоцитов_dinam_fact,PCT- Тромбокрит_dinam_fact,Лимфоциты%_dinam_fact,снижение_сознания_dinam_fact,Cтепень тяжести по КТ_dinam_fact,Лактатдегидрогеназа_dinam_fact,PDW- Индекс расп.по объему тр._dinam_fact
MSE,0.0010389043018221855,0.0028835723642259836,0.001017252798192203,0.007335018366575241,0.00037297772360034287,0.0032432444859296083,0.009207275696098804,0.005764687433838844,0.011991670355200768,0.015557982958853245,0.0483723022043705,0.000695064605679363,0.008456186391413212
R2,-0.15154072800103147,-109.6165616667231,-3.088391552380587,-0.3708132799741315,-0.7291307049920328,-1.5112828655213901,0.13220125830154017,-0.13926503543350455,0.032243775646518036,0.7189839151687155,-0.02715621809700952,-0.11762570665616301,0.021220570275210404
