,Температура_dinam_fact,Лимфоциты#_dinam_fact,АСТ_dinam_fact,ЧСС_dinam_fact,ЧДД_dinam_fact,Билирубин общий_dinam_fact,MPV- Средн.объем тромбоцитов_dinam_fact,PCT- Тромбокрит_dinam_fact,Лимфоциты%_dinam_fact,снижение_сознания_dinam_fact,Cтепень тяжести по КТ_dinam_fact,Лактатдегидрогеназа_dinam_fact,PDW- Индекс расп.по объему тр._dinam_fact
MSE,0.0012381684500724077,0.00017303688218817115,0.0003632905427366495,0.006594707723706961,0.00044416089076548815,0.0011872652685269713,0.008531233295798302,0.005272382404655218,0.011040078476071358,0.0030478881672024727,0.04639187827706337,0.0009182370267808437,0.004925466608256102
R2,-0.37240891946656385,-5.637857784566139,-0.46008316955221895,-0.23245959894341728,-1.0591368643157368,0.0806862167726633,0.19591913910324388,-0.04197154352349286,0.10903953177398018,0.9449475274370834,0.01489704988089069,-0.47647483389466894,0.4298912890073133
