,Температура_dinam_fact,Лимфоциты#_dinam_fact,АСТ_dinam_fact,ЧСС_dinam_fact,ЧДД_dinam_fact,Билирубин общий_dinam_fact,MPV- Средн.объем тромбоцитов_dinam_fact,PCT- Тромбокрит_dinam_fact,Лимфоциты%_dinam_fact,снижение_сознания_dinam_fact,Cтепень тяжести по КТ_dinam_fact,Лактатдегидрогеназа_dinam_fact,PDW- Индекс расп.по объему тр._dinam_fact
MSE,0.0009599963668733835,0.00027045741444453597,0.00033595869899727404,0.007262752391397953,0.00040228248690254986,0.0013548433780670166,0.008730774745345116,0.004248407669365406,0.01020731683820486,0.0014957519015297294,0.042675670236349106,0.0005086024757474661,0.009547077119350433
R2,-0.06407787195371495,-9.375001268801459,-0.3502352925993646,-0.35730787541941944,-0.8649879160723488,-0.04907147838870274,0.17711203618159943,0.16039476489747828,0.176245377382644,0.9729829784484896,0.09380829698378812,0.18219524472722826,-0.10504696125553337
