,Температура_dinam_fact,Лимфоциты#_dinam_fact,АСТ_dinam_fact,ЧСС_dinam_fact,ЧДД_dinam_fact,Билирубин общий_dinam_fact,MPV- Средн.объем тромбоцитов_dinam_fact,PCT- Тромбокрит_dinam_fact,Лимфоциты%_dinam_fact,снижение_сознания_dinam_fact,Cтепень тяжести по КТ_dinam_fact,Лактатдегидрогеназа_dinam_fact,PDW- Индекс расп.по объему тр._dinam_fact
MSE,0.002449718303978443,0.016513656824827194,0.0013361668679863214,0.015173202380537987,0.001702675479464233,0.004421737976372242,0.011684409342706203,0.003461789572611451,0.02220664918422699,0.035772502422332764,0.043898019939661026,0.0029460620135068893,0.008964195847511292
R2,-0.635448287981105,0.3033388363600721,-0.9049540431897125,-0.14619788803527478,-4.743964506523036,-0.2968977164218376,-0.13660640513577782,0.045420307528153514,0.03009958386937206,0.790679753462126,-0.10175429963255533,-2.133585408549106,0.15137647003706312
