,Температура_dinam_fact,Лимфоциты#_dinam_fact,АСТ_dinam_fact,ЧСС_dinam_fact,ЧДД_dinam_fact,Билирубин общий_dinam_fact,MPV- Средн.объем тромбоцитов_dinam_fact,PCT- Тромбокрит_dinam_fact,Лимфоциты%_dinam_fact,снижение_сознания_dinam_fact,Cтепень тяжести по КТ_dinam_fact,Лактатдегидрогеназа_dinam_fact,PDW- Индекс расп.по объему тр._dinam_fact
MSE,0.015320426185301961,0.029704060128433095,0.18606578100123444,0.003260930090351279,0.011514580808579922,0.004866017657675684,0.004195333305145787,0.014773946673909188,0.01762530515284719,0.014403292181069961,0.04093007312588973,0.007803943987863544,0.0193718054291796
R2,0.6082365992348768,0.11670319942113005,-2.9877397081591877,0.8816660060063343,0.6812546314891598,0.8676048520731658,0.9129086867768106,0.7351043185693276,0.508086154161574,0.888723295796601,0.2310523246159799,0.9066145093817408,0.8085347654266303
