,Температура_dinam_fact,Лимфоциты#_dinam_fact,АСТ_dinam_fact,ЧСС_dinam_fact,ЧДД_dinam_fact,Билирубин общий_dinam_fact,MPV- Средн.объем тромбоцитов_dinam_fact,PCT- Тромбокрит_dinam_fact,Лимфоциты%_dinam_fact,снижение_сознания_dinam_fact,Cтепень тяжести по КТ_dinam_fact,Лактатдегидрогеназа_dinam_fact,PDW- Индекс расп.по объему тр._dinam_fact
MSE,0.002142737153917551,0.0014715992147102952,0.0017238303553313017,0.018425442278385162,0.003325894009321928,0.0038617532700300217,0.010795164853334427,0.007165186107158661,0.009731467813253403,0.026069672778248787,0.061369601637125015,0.001766747678630054,0.007116642314940691
R2,-2.058988611535305,-83.28505508538343,-3.009570400476008,-0.7580045353942557,-7.54439085318284,-4.962606342188633,0.045500701884200634,-0.3013048119774082,0.0871039837137233,0.8022567137364751,-0.6802800456284739,-1.1558480412856946,0.48129915795046285
