,Температура_dinam_fact,Лимфоциты#_dinam_fact,АСТ_dinam_fact,ЧСС_dinam_fact,ЧДД_dinam_fact,Билирубин общий_dinam_fact,MPV- Средн.объем тромбоцитов_dinam_fact,PCT- Тромбокрит_dinam_fact,Лимфоциты%_dinam_fact,снижение_сознания_dinam_fact,Cтепень тяжести по КТ_dinam_fact,Лактатдегидрогеназа_dinam_fact,PDW- Индекс расп.по объему тр._dinam_fact
MSE,0.0033138806466013193,0.0022684212308377028,0.003093421459197998,0.01919298619031906,0.001121435547247529,0.002349630929529667,0.01118506770581007,0.008184326812624931,0.007531121838837862,0.026337360963225365,0.06435804814100266,0.0029288975056260824,0.0066537316888570786
R2,-3.73092228518642,-128.92257308293588,-6.195191695524118,-0.831237642967831,-1.8810251446017787,-2.6278661125477667,0.011025666127262301,-0.48639618090416925,0.2935154334527025,0.800226250288068,-0.7621028544911732,-2.573944049899079,0.5150386705176944
