,Температура_dinam_fact,Лимфоциты#_dinam_fact,АСТ_dinam_fact,ЧСС_dinam_fact,ЧДД_dinam_fact,Билирубин общий_dinam_fact,MPV- Средн.объем тромбоцитов_dinam_fact,PCT- Тромбокрит_dinam_fact,Лимфоциты%_dinam_fact,снижение_сознания_dinam_fact,Cтепень тяжести по КТ_dinam_fact,Лактатдегидрогеназа_dinam_fact,PDW- Индекс расп.по объему тр._dinam_fact
MSE,0.001610168837942183,0.015900487080216408,0.0018737162463366985,0.013436413370072842,0.00036937708500772715,0.0029965643770992756,0.004543064162135124,0.0021331063471734524,0.006378111429512501,0.03181518241763115,0.038878779858350754,0.0006669561262242496,0.00516916299238801
R2,-0.07495944627026363,0.3292066236906447,-1.6713310299232802,-0.01499924737646241,-0.24609092072698213,0.12110647199461044,0.5580712591430709,0.41180134545707625,0.7214288245650224,0.8138357380285742,0.02421867008715528,0.2905906669913706,0.5106450532731406
