,Температура_dinam_fact,Лимфоциты#_dinam_fact,АСТ_dinam_fact,ЧСС_dinam_fact,ЧДД_dinam_fact,Билирубин общий_dinam_fact,MPV- Средн.объем тромбоцитов_dinam_fact,PCT- Тромбокрит_dinam_fact,Лимфоциты%_dinam_fact,снижение_сознания_dinam_fact,Cтепень тяжести по КТ_dinam_fact,Лактатдегидрогеназа_dinam_fact,PDW- Индекс расп.по объему тр._dinam_fact
MSE,0.002873815596103668,0.013653368689119816,0.0009277975768782198,0.014142254367470741,0.00020726132788695395,0.00231035053730011,0.0054484084248542786,0.004741942044347525,0.008692599833011627,0.03128078952431679,0.038965415209531784,0.0017440214287489653,0.005218347068876028
R2,-0.9185781955841077,0.4240056846386313,-0.32274785097311764,-0.06831920770299993,0.3008053878788097,0.3223731962729113,0.4700034124058664,-0.30757809615074083,0.6203409181221614,0.8169626930695293,0.022044406682173334,-0.8550321020717433,0.5059888637774068
