,Температура_dinam_fact,Лимфоциты#_dinam_fact,АСТ_dinam_fact,ЧСС_dinam_fact,ЧДД_dinam_fact,Билирубин общий_dinam_fact,MPV- Средн.объем тромбоцитов_dinam_fact,PCT- Тромбокрит_dinam_fact,Лимфоциты%_dinam_fact,снижение_сознания_dinam_fact,Cтепень тяжести по КТ_dinam_fact,Лактатдегидрогеназа_dinam_fact,PDW- Индекс расп.по объему тр._dinam_fact
MSE,0.004944937769323587,0.015625933185219765,0.0018881667638197541,0.01664651185274124,0.002558913780376315,0.0047007277607917786,0.012387034483253956,0.005174658261239529,0.017989732325077057,0.04195929318666458,0.05838805064558983,0.002857708837836981,0.014256356284022331
R2,-2.3012736767976683,0.340789222224975,-1.6919323197059168,-0.2574930044373567,-7.632476566126293,-0.3787254848448709,-0.2049544364676723,-0.4268989761942661,0.21427824349286684,0.7544781932554074,-0.4654256953509395,-2.0396083268144825,-0.34962253357186834
