,Температура_dinam_fact,Лимфоциты#_dinam_fact,АСТ_dinam_fact,ЧСС_dinam_fact,ЧДД_dinam_fact,Билирубин общий_dinam_fact,MPV- Средн.объем тромбоцитов_dinam_fact,PCT- Тромбокрит_dinam_fact,Лимфоциты%_dinam_fact,снижение_сознания_dinam_fact,Cтепень тяжести по КТ_dinam_fact,Лактатдегидрогеназа_dinam_fact,PDW- Индекс расп.по объему тр._dinam_fact
MSE,0.0017253581900149584,0.009425992146134377,0.0009214230231009424,0.01553336437791586,0.0002198561269324273,0.003137251129373908,0.0033861901611089706,0.0024946543853729963,0.005924875382333994,0.03140219300985336,0.034785788506269455,0.0013058286858722568,0.00644576596096158
R2,-0.15186070504955085,0.6023459257962888,-0.3136596649619856,-0.1734049435601226,0.25831683946380457,0.07984295912685524,0.6706067494369193,0.3121054309392043,0.7412244059381345,0.81625231194748,0.12694509325977976,-0.3889476447779989,0.3897914610315749
