,Температура_dinam_fact,Лимфоциты#_dinam_fact,АСТ_dinam_fact,ЧСС_dinam_fact,ЧДД_dinam_fact,Билирубин общий_dinam_fact,MPV- Средн.объем тромбоцитов_dinam_fact,PCT- Тромбокрит_dinam_fact,Лимфоциты%_dinam_fact,снижение_сознания_dinam_fact,Cтепень тяжести по КТ_dinam_fact,Лактатдегидрогеназа_dinam_fact,PDW- Индекс расп.по объему тр._dinam_fact
MSE,0.001980555709451437,0.011500025168061256,0.0009016855037771165,0.014498504810035229,0.00023107754532247782,0.0029434554744511843,0.005706381984055042,0.0025992838200181723,0.008195593021810055,0.029136430472135544,0.03436430171132088,0.0014450896997004747,0.004570466000586748
R2,-0.32223235772525216,0.5148487515827378,-0.28552006308255296,-0.09523067914937933,0.22046149721463815,0.1366833664918944,0.44490890324560817,0.2832542089043806,0.6420482372773071,0.8295102562381362,0.13752342726061573,-0.5370726485795803,0.5673225168869551
