,Температура_dinam_fact,Лимфоциты#_dinam_fact,АСТ_dinam_fact,ЧСС_dinam_fact,ЧДД_dinam_fact,Билирубин общий_dinam_fact,MPV- Средн.объем тромбоцитов_dinam_fact,PCT- Тромбокрит_dinam_fact,Лимфоциты%_dinam_fact,снижение_сознания_dinam_fact,Cтепень тяжести по КТ_dinam_fact,Лактатдегидрогеназа_dinam_fact,PDW- Индекс расп.по объему тр._dinam_fact
MSE,0.00220668688416481,0.0021990183740854263,0.0019322977168485522,0.014664682559669018,0.0020102362614125013,0.001896245521493256,0.009309172630310059,0.00774369016289711,0.0059461435303092,0.0168734360486269,0.042536769062280655,0.0033807361032813787,0.006562753580510616
R2,-2.150283323632035,-124.94759823591293,-3.4944583075930638,-0.39918417613357127,-4.164399803738683,-1.927832312955231,0.17689072677350215,-0.40636972589734244,0.4422002423102366,0.8720118649284511,-0.16464309726523263,-3.1252925147927177,0.5216695858509257
