,Температура_dinam_fact,Лимфоциты#_dinam_fact,АСТ_dinam_fact,ЧСС_dinam_fact,ЧДД_dinam_fact,Билирубин общий_dinam_fact,MPV- Средн.объем тромбоцитов_dinam_fact,PCT- Тромбокрит_dinam_fact,Лимфоциты%_dinam_fact,снижение_сознания_dinam_fact,Cтепень тяжести по КТ_dinam_fact,Лактатдегидрогеназа_dinam_fact,PDW- Индекс расп.по объему тр._dinam_fact
MSE,0.0022278660908341408,0.01378275454044342,0.0008611868252046406,0.013631963171064854,0.00029130393522791564,0.0027576719876378775,0.005051192827522755,0.0025303252041339874,0.009034947492182255,0.03088168241083622,0.03589947521686554,0.0012154465075582266,0.004678257275372744
R2,-0.4873384910657643,0.4185473216781246,-0.22778161552624354,-0.029771410933226994,0.01728821958463478,0.19117367671642604,0.5086429446028715,0.30226932002507867,0.6053884816388678,0.8192980440510603,0.09899345290427353,-0.29281242245763717,0.5571182162300524
