,Температура_dinam_fact,Лимфоциты#_dinam_fact,АСТ_dinam_fact,ЧСС_dinam_fact,ЧДД_dinam_fact,Билирубин общий_dinam_fact,MPV- Средн.объем тромбоцитов_dinam_fact,PCT- Тромбокрит_dinam_fact,Лимфоциты%_dinam_fact,снижение_сознания_dinam_fact,Cтепень тяжести по КТ_dinam_fact,Лактатдегидрогеназа_dinam_fact,PDW- Индекс расп.по объему тр._dinam_fact
MSE,0.001339342794381082,0.0009272383176721632,0.0006161552737466991,0.013195132836699486,0.0004623199929483235,0.001046166755259037,0.008598068729043007,0.005738523788750172,0.008095363155007362,0.024576907977461815,0.045339375734329224,0.0007516552577726543,0.007818189449608326
R2,-0.9120557062709491,-52.10706749842532,-0.43315608279897,-0.258971391833287,-0.18772360467565008,-0.6152973149649419,0.23976597883422124,-0.04220153164936091,0.24058472455195423,0.8135796043478574,-0.24137762369514748,0.08280372430473626,0.4301663391068
