,Температура_dinam_fact,Лимфоциты#_dinam_fact,АСТ_dinam_fact,ЧСС_dinam_fact,ЧДД_dinam_fact,Билирубин общий_dinam_fact,MPV- Средн.объем тромбоцитов_dinam_fact,PCT- Тромбокрит_dinam_fact,Лимфоциты%_dinam_fact,снижение_сознания_dinam_fact,Cтепень тяжести по КТ_dinam_fact,Лактатдегидрогеназа_dinam_fact,PDW- Индекс расп.по объему тр._dinam_fact
MSE,0.0018937282729893923,0.011624590493738651,0.0007728033233433962,0.015061176382005215,0.00026356804301030934,0.0031972359865903854,0.005444243084639311,0.0027911567594856024,0.008034060709178448,0.02958734519779682,0.03545019403100014,0.0011762285139411688,0.004352307878434658
R2,-0.2642657271904787,0.5095936721570049,-0.10177467164995035,-0.1377354014747436,0.11085508155656132,0.06224939207971314,0.4704086664242988,0.2303457241119109,0.6491034523034687,0.8268717661439275,0.11026976397455335,-0.2510978774089103,0.5879751897373438
