,Температура_dinam_fact,Лимфоциты#_dinam_fact,АСТ_dinam_fact,ЧСС_dinam_fact,ЧДД_dinam_fact,Билирубин общий_dinam_fact,MPV- Средн.объем тромбоцитов_dinam_fact,PCT- Тромбокрит_dinam_fact,Лимфоциты%_dinam_fact,снижение_сознания_dinam_fact,Cтепень тяжести по КТ_dinam_fact,Лактатдегидрогеназа_dinam_fact,PDW- Индекс расп.по объему тр._dinam_fact
MSE,0.0015335336793214083,0.01617402397096157,0.000982592348009348,0.014962601475417614,0.0001764649641700089,0.003520742291584611,0.0072987377643585205,0.0028551723808050156,0.009955642744898796,0.0312380138784647,0.03355572372674942,0.0010948267299681902,0.006017493084073067
R2,-0.02379749123067132,0.3176667914182808,-0.40086782475805194,-0.1302890775779395,0.40469668432826555,-0.032635125790975605,0.29001182986674456,0.21269366553739233,0.565176092416924,0.817212997293183,0.1578172248587113,-0.16451479660767188,0.43033514636019876
