,Температура_dinam_fact,Лимфоциты#_dinam_fact,АСТ_dinam_fact,ЧСС_dinam_fact,ЧДД_dinam_fact,Билирубин общий_dinam_fact,MPV- Средн.объем тромбоцитов_dinam_fact,PCT- Тромбокрит_dinam_fact,Лимфоциты%_dinam_fact,снижение_сознания_dinam_fact,Cтепень тяжести по КТ_dinam_fact,Лактатдегидрогеназа_dinam_fact,PDW- Индекс расп.по объему тр._dinam_fact
MSE,0.0018698102794587612,0.013528216630220413,0.0007406084914691746,0.013299507088959217,0.00036654347786679864,0.0037002849858254194,0.0053398944437503815,0.002814563689753413,0.006604684051126242,0.031170517206192017,0.03686029836535454,0.0011005288688465953,0.0051246522925794125
R2,-0.24829778905337485,0.42928552394538644,-0.055874981088636755,-0.004657200367222947,-0.23653203277570567,-0.08529504920022513,0.4805592696611327,0.2238911727019971,0.7115330078611413,0.8176079456688603,0.07487872965170106,-0.17058001465915917,0.5148587805307276
