,Температура_dinam_fact,Лимфоциты#_dinam_fact,АСТ_dinam_fact,ЧСС_dinam_fact,ЧДД_dinam_fact,Билирубин общий_dinam_fact,MPV- Средн.объем тромбоцитов_dinam_fact,PCT- Тромбокрит_dinam_fact,Лимфоциты%_dinam_fact,снижение_сознания_dinam_fact,Cтепень тяжести по КТ_dinam_fact,Лактатдегидрогеназа_dinam_fact,PDW- Индекс расп.по объему тр._dinam_fact
MSE,0.001793531235307455,0.013780354522168636,0.0006071672542020679,0.013204509392380714,0.00033885272569023073,0.00391535647213459,0.003396145300939679,0.0029754447750747204,0.0075468868017196655,0.029353413730859756,0.0355108417570591,0.0015142513439059258,0.005297668278217316
R2,-0.19737332165549137,0.41864853732488483,0.13437031106966413,0.002518957174789782,-0.14311741520476762,-0.14837569219937863,0.6696383410570796,0.17952868354924778,0.6703812494500634,0.8282406010820498,0.10874734572027289,-0.6106366290972487,0.49847963167419884
