,Температура_dinam_fact,Лимфоциты#_dinam_fact,АСТ_dinam_fact,ЧСС_dinam_fact,ЧДД_dinam_fact,Билирубин общий_dinam_fact,MPV- Средн.объем тромбоцитов_dinam_fact,PCT- Тромбокрит_dinam_fact,Лимфоциты%_dinam_fact,снижение_сознания_dinam_fact,Cтепень тяжести по КТ_dinam_fact,Лактатдегидрогеназа_dinam_fact,PDW- Индекс расп.по объему тр._dinam_fact
MSE,0.0017714602872729301,0.012957233004271984,0.0009537635487504303,0.013659099116921425,0.0007024155929684639,0.0029718163423240185,0.008006530813872814,0.0033016374800354242,0.008320477791130543,0.03314872831106186,0.03406378999352455,0.0011340188793838024,0.005469637457281351
R2,-0.18263878770952524,0.4533735271438599,-0.35976700035915044,-0.03182115945620856,-1.3695942471095965,0.1283651323723337,0.22116086500923926,0.08958185820117281,0.6365937146999672,0.806032584351134,0.14506556265602,-0.20620165056017514,0.4821996934173023
