,Температура_dinam_fact,Лимфоциты#_dinam_fact,АСТ_dinam_fact,ЧСС_dinam_fact,ЧДД_dinam_fact,Билирубин общий_dinam_fact,MPV- Средн.объем тромбоцитов_dinam_fact,PCT- Тромбокрит_dinam_fact,Лимфоциты%_dinam_fact,снижение_сознания_dinam_fact,Cтепень тяжести по КТ_dinam_fact,Лактатдегидрогеназа_dinam_fact,PDW- Индекс расп.по объему тр._dinam_fact
MSE,0.0016656718216836452,0.036759182810783386,0.011652203276753426,0.013294816017150879,0.0003430410288274288,0.008655616082251072,0.010986102744936943,0.0037774338852614164,0.020413540303707123,0.08374185115098953,0.04260175675153732,0.006703642662614584,0.009067866951227188
R2,-0.1120135517908778,-0.55075892752194,-15.612377842492233,-0.004302759941619216,-0.1572464382735701,-1.5386955246934169,-0.06867843986463207,-0.04161766802004663,0.10841554561914313,0.5099905618599483,-0.06922061601271623,-6.13034402572804,0.14156211366879812
